-- MySQL dump 10.13  Distrib 5.5.31, for debian-linux-gnu (x86_64)
--
-- Host: localhost    Database: qm_staging
-- ------------------------------------------------------
-- Server version	5.5.31-0ubuntu0.12.04.1

/*!40101 SET @OLD_CHARACTER_SET_CLIENT=@@CHARACTER_SET_CLIENT */;
/*!40101 SET @OLD_CHARACTER_SET_RESULTS=@@CHARACTER_SET_RESULTS */;
/*!40101 SET @OLD_COLLATION_CONNECTION=@@COLLATION_CONNECTION */;
/*!40101 SET NAMES utf8 */;
/*!40103 SET @OLD_TIME_ZONE=@@TIME_ZONE */;
/*!40103 SET TIME_ZONE='+00:00' */;
/*!40014 SET @OLD_UNIQUE_CHECKS=@@UNIQUE_CHECKS, UNIQUE_CHECKS=0 */;
/*!40014 SET @OLD_FOREIGN_KEY_CHECKS=@@FOREIGN_KEY_CHECKS, FOREIGN_KEY_CHECKS=0 */;
/*!40101 SET @OLD_SQL_MODE=@@SQL_MODE, SQL_MODE='NO_AUTO_VALUE_ON_ZERO' */;
/*!40111 SET @OLD_SQL_NOTES=@@SQL_NOTES, SQL_NOTES=0 */;

--
-- Table structure for table `assignments`
--

DROP TABLE IF EXISTS `assignments`;
/*!40101 SET @saved_cs_client     = @@character_set_client */;
/*!40101 SET character_set_client = utf8 */;
CREATE TABLE `assignments` (
  `id` int(11) NOT NULL AUTO_INCREMENT,
  `user_id` int(11) DEFAULT NULL,
  `role_id` int(11) DEFAULT NULL,
  `created_at` datetime NOT NULL,
  `updated_at` datetime NOT NULL,
  PRIMARY KEY (`id`)
) ENGINE=InnoDB AUTO_INCREMENT=24 DEFAULT CHARSET=latin1;
/*!40101 SET character_set_client = @saved_cs_client */;

--
-- Dumping data for table `assignments`
--

LOCK TABLES `assignments` WRITE;
/*!40000 ALTER TABLE `assignments` DISABLE KEYS */;
INSERT INTO `assignments` VALUES (3,3,1,'2012-09-27 06:47:56','2012-09-27 06:47:56'),(4,5,1,'2012-09-27 07:49:39','2012-09-27 07:49:39'),(6,1,1,'2012-09-29 05:01:06','2012-10-02 05:03:08'),(7,7,2,'2012-10-02 06:48:13','2012-10-02 06:48:13'),(9,8,2,'2012-10-03 14:22:18','2012-10-03 14:22:18'),(11,9,2,'2012-10-04 05:13:38','2012-10-04 05:13:38'),(13,11,2,'2012-10-04 06:03:47','2012-10-04 06:03:47'),(14,11,1,'2012-10-04 11:17:03','2012-10-04 11:17:03'),(16,26,2,'2012-10-12 16:31:01','2012-10-12 16:31:01'),(18,2,2,'2013-01-23 21:44:45','2013-01-23 21:44:45'),(20,27,2,'2013-02-19 15:06:22','2013-02-19 15:06:22'),(23,28,2,'2013-02-23 18:36:03','2013-02-23 18:36:03');
/*!40000 ALTER TABLE `assignments` ENABLE KEYS */;
UNLOCK TABLES;

--
-- Table structure for table `business_process_department_assignments`
--

DROP TABLE IF EXISTS `business_process_department_assignments`;
/*!40101 SET @saved_cs_client     = @@character_set_client */;
/*!40101 SET character_set_client = utf8 */;
CREATE TABLE `business_process_department_assignments` (
  `id` int(11) NOT NULL AUTO_INCREMENT,
  `business_process_id` int(11) DEFAULT NULL,
  `department_id` int(11) DEFAULT NULL,
  `company_id` int(11) DEFAULT NULL,
  `created_at` datetime NOT NULL,
  `updated_at` datetime NOT NULL,
  PRIMARY KEY (`id`)
) ENGINE=InnoDB AUTO_INCREMENT=3 DEFAULT CHARSET=latin1;
/*!40101 SET character_set_client = @saved_cs_client */;

--
-- Dumping data for table `business_process_department_assignments`
--

LOCK TABLES `business_process_department_assignments` WRITE;
/*!40000 ALTER TABLE `business_process_department_assignments` DISABLE KEYS */;
INSERT INTO `business_process_department_assignments` VALUES (1,1,1,3,'2012-10-03 07:09:03','2012-10-03 07:09:03'),(2,32,15,3,'2013-02-18 16:12:29','2013-02-18 16:12:29');
/*!40000 ALTER TABLE `business_process_department_assignments` ENABLE KEYS */;
UNLOCK TABLES;

--
-- Table structure for table `business_process_document_assignments`
--

DROP TABLE IF EXISTS `business_process_document_assignments`;
/*!40101 SET @saved_cs_client     = @@character_set_client */;
/*!40101 SET character_set_client = utf8 */;
CREATE TABLE `business_process_document_assignments` (
  `id` int(11) NOT NULL AUTO_INCREMENT,
  `business_process_id` int(11) DEFAULT NULL,
  `document_id` int(11) DEFAULT NULL,
  `company_id` int(11) DEFAULT NULL,
  `created_at` datetime NOT NULL,
  `updated_at` datetime NOT NULL,
  PRIMARY KEY (`id`)
) ENGINE=InnoDB AUTO_INCREMENT=2 DEFAULT CHARSET=latin1;
/*!40101 SET character_set_client = @saved_cs_client */;

--
-- Dumping data for table `business_process_document_assignments`
--

LOCK TABLES `business_process_document_assignments` WRITE;
/*!40000 ALTER TABLE `business_process_document_assignments` DISABLE KEYS */;
INSERT INTO `business_process_document_assignments` VALUES (1,1,2,3,'2012-10-03 07:08:44','2012-10-03 07:08:44');
/*!40000 ALTER TABLE `business_process_document_assignments` ENABLE KEYS */;
UNLOCK TABLES;

--
-- Table structure for table `business_process_note_assignments`
--

DROP TABLE IF EXISTS `business_process_note_assignments`;
/*!40101 SET @saved_cs_client     = @@character_set_client */;
/*!40101 SET character_set_client = utf8 */;
CREATE TABLE `business_process_note_assignments` (
  `id` int(11) NOT NULL AUTO_INCREMENT,
  `business_process_id` int(11) DEFAULT NULL,
  `note_id` int(11) DEFAULT NULL,
  `company_id` int(11) DEFAULT NULL,
  `created_at` datetime NOT NULL,
  `updated_at` datetime NOT NULL,
  PRIMARY KEY (`id`)
) ENGINE=InnoDB AUTO_INCREMENT=6 DEFAULT CHARSET=latin1;
/*!40101 SET character_set_client = @saved_cs_client */;

--
-- Dumping data for table `business_process_note_assignments`
--

LOCK TABLES `business_process_note_assignments` WRITE;
/*!40000 ALTER TABLE `business_process_note_assignments` DISABLE KEYS */;
INSERT INTO `business_process_note_assignments` VALUES (1,1,5,3,'2012-10-03 07:08:29','2012-10-03 07:08:29'),(2,32,6,3,'2013-02-18 16:02:00','2013-02-18 16:02:00'),(3,32,5,3,'2013-02-18 16:10:51','2013-02-18 16:10:51'),(4,32,7,3,'2013-02-18 16:11:10','2013-02-18 16:11:10'),(5,32,8,3,'2013-02-18 16:11:25','2013-02-18 16:11:25');
/*!40000 ALTER TABLE `business_process_note_assignments` ENABLE KEYS */;
UNLOCK TABLES;

--
-- Table structure for table `business_process_process_indicator_assignments`
--

DROP TABLE IF EXISTS `business_process_process_indicator_assignments`;
/*!40101 SET @saved_cs_client     = @@character_set_client */;
/*!40101 SET character_set_client = utf8 */;
CREATE TABLE `business_process_process_indicator_assignments` (
  `id` int(11) NOT NULL AUTO_INCREMENT,
  `business_process_id` int(11) DEFAULT NULL,
  `process_indicator_id` int(11) DEFAULT NULL,
  `company_id` int(11) DEFAULT NULL,
  `created_at` datetime NOT NULL,
  `updated_at` datetime NOT NULL,
  PRIMARY KEY (`id`)
) ENGINE=InnoDB AUTO_INCREMENT=2 DEFAULT CHARSET=latin1;
/*!40101 SET character_set_client = @saved_cs_client */;

--
-- Dumping data for table `business_process_process_indicator_assignments`
--

LOCK TABLES `business_process_process_indicator_assignments` WRITE;
/*!40000 ALTER TABLE `business_process_process_indicator_assignments` DISABLE KEYS */;
INSERT INTO `business_process_process_indicator_assignments` VALUES (1,1,3,3,'2012-10-03 07:08:55','2012-10-03 07:08:55');
/*!40000 ALTER TABLE `business_process_process_indicator_assignments` ENABLE KEYS */;
UNLOCK TABLES;

--
-- Table structure for table `business_processes`
--

DROP TABLE IF EXISTS `business_processes`;
/*!40101 SET @saved_cs_client     = @@character_set_client */;
/*!40101 SET character_set_client = utf8 */;
CREATE TABLE `business_processes` (
  `id` int(11) NOT NULL AUTO_INCREMENT,
  `name` varchar(255) DEFAULT NULL,
  `company_id` int(11) DEFAULT NULL,
  `parent_id` int(11) DEFAULT NULL,
  `ancestry` varchar(255) DEFAULT NULL,
  `purpose` varchar(255) DEFAULT NULL,
  `number` varchar(255) DEFAULT NULL,
  `owner_id` int(11) DEFAULT NULL,
  `aims` varchar(255) DEFAULT NULL,
  `process_class_id` int(11) DEFAULT NULL,
  `description` text,
  `created_at` datetime NOT NULL,
  `updated_at` datetime NOT NULL,
  `x` int(11) DEFAULT NULL,
  `y` int(11) DEFAULT NULL,
  `created_by` int(11) DEFAULT NULL,
  `updated_by` int(11) DEFAULT NULL,
  `area` varchar(255) DEFAULT NULL,
  PRIMARY KEY (`id`)
) ENGINE=InnoDB AUTO_INCREMENT=35 DEFAULT CHARSET=latin1;
/*!40101 SET character_set_client = @saved_cs_client */;

--
-- Dumping data for table `business_processes`
--

LOCK TABLES `business_processes` WRITE;
/*!40000 ALTER TABLE `business_processes` DISABLE KEYS */;
INSERT INTO `business_processes` VALUES (1,'Strategieprozess',3,NULL,'7','Unternehmensführung','1',2,'Unternehmenserfolg (Erlös und Fortbestand)',1,'h3. Strategie\r\n\r\n* Planung \r\n** nötiger Umsatz auf Basis Kosten\r\n** Leistungen \r\n** Kunden\r\n** Weiterbildung\r\n** Personal\r\n\r\n(inkl. Finanzplanung) --> Anf. GJ\r\n\r\nZusätzlich zu den SOLL-Grenzen werden Warngrenzen (SOLL + 10 %)- und Eingriffsgrenzen (SOLL + 3%) definiert \r\n\r\n* Freigabe\r\n\r\nh3. Monitoring + Reporting\r\n\r\n* am Quartalsende SOLL - IST-Vergleich \r\n\r\nh4. Maßnahmen\r\n\r\n* --> bei Unterschreitung der Warngrenze --> Vorbeugungsmaßnahme\r\n* --> bei Unterschreitung der Eingriffsgrenze --> Korrekturmaßnahme\r\n\r\n','2012-10-02 14:20:36','2013-06-06 11:47:14',46,25,NULL,NULL,NULL),(3,'der MC-Components GmbH.',1,NULL,NULL,'','',NULL,'',1,'','2012-10-03 14:31:23','2012-10-13 15:18:44',NULL,NULL,NULL,2,''),(4,'Finanzen',3,NULL,'7','ges. Finanzmanagement sicherstellen','',2,'Liquidität sicherstellen, Unternehmensfortbestand sichern',9,'Finanzplanung (Bedarf)\r\nLiquiditätsplanung\r\nRechnungswesen \r\nMahnwesen\r\nSteuerberater\r\nFinanzamt / Behörden','2012-10-04 06:42:23','2013-06-06 11:47:16',250,25,NULL,NULL,NULL),(5,'Ressourcen',3,NULL,'7','Sicherstellung der Verfügbarkeit aller nötigen Ressourcen','',2,'alloe nötigen Ressourcen sind verfügbar bzw. die Planung und Beschaffung dieser Ressourcen ist klargstellt',1,'*Personelle Ressourcen*\r\n * Rekrutierung\r\n * Anstellung\r\n * Beschäftigung \r\n * Aus- und Weiterbildung\r\n * Beendigung der Beschäftigung\r\n\r\n*Sachressourcen*\r\n * Planung\r\n * Anschaffung\r\n * Verwendung\r\n * Instandhaltung\r\n * Beendigung der Verwendung / Ausscheiden\r\n\r\n*Infrastruktur / Arbeitsumgebung*','2012-10-04 06:46:58','2013-06-06 11:47:22',450,25,NULL,NULL,NULL),(6,'Beratungs- und Dienstleistungsangebot',3,NULL,'7','Sicherstellung der einwandfreien Erbringung der Beratungs- und Dienstleistungen zur völligen Kundenzufriedenheit und wirtschaftlich erfolgreichen Unternehmensführung','2.1',2,'Gewinn erwirtschaften',2,'1) Kundenakqisition\r\n2) Angebote\r\n3) Auftragsabwicklung\r\n4) ','2012-10-04 06:51:07','2013-06-06 11:47:21',250,150,NULL,2,'Leistungserbringung'),(7,'der Ing. Walter Kalcher Qualitätsmanagement',3,NULL,NULL,'Grafische Darstellung der gesamten Unternehmenstätigkeit','1',2,'zertifizierung nach ISO 9001:2008',1,'','2012-10-04 06:52:42','2012-10-13 15:10:58',525,200,NULL,2,'ges. Unternehmen'),(8,'Angebot',3,NULL,'7/6','Klarstellung der Angebotserstellung','123',2,'richtige Angebote legen und hohe Auftragswahrscheinlichkeit herstellen ',2,'','2012-10-04 06:55:24','2013-02-24 16:34:51',475,250,NULL,1,'Gültigkeitsbereich'),(10,'Prozess 1',3,NULL,'7','','',1,'',3,'','2012-10-04 07:21:48','2013-06-06 11:47:27',450,225,NULL,NULL,NULL),(11,'Prozess 2',3,NULL,'7/6','','',2,'',2,'','2012-10-04 07:22:06','2013-02-24 16:35:04',475,375,NULL,NULL,NULL),(13,'Prozess 4',3,NULL,NULL,'','',NULL,'',4,'','2012-10-04 07:22:42','2012-10-04 07:22:42',NULL,NULL,NULL,NULL,NULL),(14,'Auftrag',3,NULL,'7/6','','',2,'',2,'','2012-10-04 07:32:47','2013-02-24 16:34:53',625,250,NULL,NULL,NULL),(15,'Beschaffung',3,NULL,'7/6','','',2,'',2,'','2012-10-04 07:33:24','2013-02-24 16:35:02',775,325,NULL,NULL,NULL),(16,'Kommissionierung',3,NULL,'7/6','','',2,'',2,'','2012-10-04 07:33:49','2013-02-24 16:34:56',775,250,NULL,NULL,NULL),(17,'Lieferung',3,NULL,'7/6','','',2,'',2,'','2012-10-04 07:34:11','2013-02-24 16:34:58',975,250,NULL,NULL,NULL),(18,'Fakturierung + Dokumente',3,NULL,'7/6','','',2,'',2,'','2012-10-04 07:34:36','2013-02-24 16:35:00',1125,250,NULL,NULL,NULL),(19,'Reklamationen',3,NULL,'7','','',2,'',4,'','2012-10-04 07:35:07','2013-06-06 11:47:33',600,300,NULL,NULL,NULL),(20,'KVP ',3,NULL,'7','','',2,'',4,'','2012-10-04 07:35:44','2013-06-06 11:47:30',250,300,NULL,2,''),(21,'Korrekturmaßnahmen',3,NULL,'7/20','','',2,'',4,'','2012-10-04 07:36:09','2012-10-04 07:39:35',525,425,NULL,NULL,NULL),(22,'Vorbeugungsmaßnahmen',3,NULL,'7/20','','',2,'',4,'','2012-10-04 07:36:31','2012-10-04 07:39:36',825,425,NULL,NULL,NULL),(23,'Verbesserung',3,NULL,'7/20','','',2,'',4,'','2012-10-04 07:36:51','2012-10-04 07:39:38',1150,425,NULL,NULL,NULL),(24,'Audit',3,NULL,'7','','',2,'',4,'','2012-10-04 07:37:14','2013-06-06 11:47:32',450,300,NULL,NULL,NULL),(25,'Datenanalyse',3,NULL,'7','','',2,'',4,'','2012-10-04 07:37:38','2013-06-06 11:47:29',50,300,NULL,NULL,NULL),(26,'QM-System',3,NULL,'7','','',2,'',3,'','2012-10-04 07:38:04','2013-06-06 11:47:26',250,225,NULL,NULL,NULL),(27,'Aus- unsd Weiterbildung',3,NULL,'7','','',2,'',3,'','2012-10-04 07:38:28','2013-06-06 11:47:24',50,225,NULL,NULL,NULL),(28,'Strategische  Unternehmenführung',1,NULL,'3','Gesunder Wachstum des Unternehmens sichern','',8,'',5,'','2012-10-04 15:35:18','2013-06-06 11:47:04',25,25,NULL,NULL,NULL),(29,'Finanzprozess',1,NULL,'3','Sicherstellung der Liquititä','',8,'',5,'','2012-10-04 15:37:19','2013-06-06 11:47:05',225,25,NULL,NULL,NULL),(30,'Vertriebsprozess',1,NULL,'3','Termingetreue und Fehlerfreie lieferung der Produkte','',9,'',6,'','2012-10-04 15:42:17','2013-06-06 11:47:07',125,100,NULL,NULL,NULL),(31,'Angebot',1,NULL,'3/30','','',NULL,'',6,'','2012-10-04 15:45:24','2012-10-04 15:45:24',NULL,NULL,NULL,NULL,NULL),(32,'Tätigkeit für die Quality Austria',3,NULL,'7','Einwandfreie Durchführung und Erfüllung der Aufträge der Quality Austria ','1.1',2,'termingerechte und richtige Erfüllung der Aufträge der Quality Austria',2,'1. Beauftragung durch QA (via WIS)\r\n2. Terminkoordination mit dem Kunden\r\n3. Terminrückmeldung an QA (im WIS)\r\n4. Auditprogramm erstellen\r\n5. Auditmappe erstellen (gem. WIS)\r\n6. Audit durchführen\r\n7. Auditbericht erstellen\r\n8. relevante Dokumente ins WIS hochladen\r\n9. Auditunterlagen archivieren \r\n--------------------------------------------------------------\r\n1. Beauftragung durch QA\r\nINPUT = E-Mail und Datensatz im WIS ca. 4 Monate vor dem Audit-Solltermin\r\nIn der \"Beauftragung\" und dem \"Kundenstammblatt\"   sind alle relevanten Unternehmensinfos enthalten. \r\n\r\n2. Terminkoordination mit dem Kunden\r\nMit dem Kunden ist umgehend Kontakt aufzunehmen und ein Termin zu finden (zumindest auf die Woche eingeschränkt). Das Stammdatenblatt muss mitgesendet und zurück gefordert werden.\r\nWeiters sind seine Auditwünsche zu erheben (bzw. zumindest ihn darauf hinzuweisen)\r\n\r\n3. Terminrückmeldung an QA (im WIS)\r\nDer vom Kunden genannte Termin ist ins WIS einzutragen (+ alle weiters geforderten Informationen -> CO-Auditor, Beobachter, Kundenstammblatt)\r\n\r\n4. Auditprogramm erstellen\r\nCa. 4 Wochen vor dem Audit ist das Auditprogramm zu erstellen und dem Kunden zu senden (Auditpartner eintragen, Änderungen /  Ergänzungen usw)\r\n\r\n5. Auditmappe erstellen (gem. WIS)\r\nIm WIS bereitgestellte Auditdokumente ausdrucken und in der Auditmappe je register ablegen\r\nAuditcheckliste ninden und ebenfalls in Auditmappe einordnen.\r\nSchreibunterlagen + Visitenkarten mitnehmen (rote QA-Tasche)\r\n\r\n6. Audit durchführen\r\ngem. Regelungen der QA\r\n\r\n7. Auditbericht erstellen\r\nInnerhalb von 2 Wochen muss der Auditbericht erstellt werden.\r\n\r\n8. relevante Dokumente ins WIS hochladen\r\nje Auditart im WIS upzuloadente Dokumente erstellen, einscannen und uploaden\r\n\r\n9. Auditunterlagen archivieren \r\nAblage aller papierdokum,ente im Kundenordner (gelb).\r\n \r\n\r\n\r\n','2012-10-13 15:20:54','2013-06-06 11:47:20',250,75,2,1,'Consulting'),(33,'orlik',3,NULL,'7/1','test','',NULL,'',2,'','2013-02-25 11:18:44','2013-02-25 11:18:44',NULL,NULL,2,2,''),(34,'simplifizierter Angebotsverlauf',3,NULL,NULL,'','',NULL,'',2,'','2013-03-20 06:20:57','2013-03-20 06:20:57',NULL,NULL,1,1,'');
/*!40000 ALTER TABLE `business_processes` ENABLE KEYS */;
UNLOCK TABLES;

--
-- Table structure for table `companies`
--

DROP TABLE IF EXISTS `companies`;
/*!40101 SET @saved_cs_client     = @@character_set_client */;
/*!40101 SET character_set_client = utf8 */;
CREATE TABLE `companies` (
  `id` int(11) NOT NULL AUTO_INCREMENT,
  `name` varchar(255) DEFAULT NULL,
  `created_at` datetime NOT NULL,
  `updated_at` datetime NOT NULL,
  PRIMARY KEY (`id`)
) ENGINE=InnoDB AUTO_INCREMENT=5 DEFAULT CHARSET=latin1;
/*!40101 SET character_set_client = @saved_cs_client */;

--
-- Dumping data for table `companies`
--

LOCK TABLES `companies` WRITE;
/*!40000 ALTER TABLE `companies` DISABLE KEYS */;
INSERT INTO `companies` VALUES (1,'MC-Components','2012-09-26 16:38:17','2012-09-26 16:38:17'),(2,'mittenin.at','2012-09-26 16:40:14','2012-09-26 16:40:14'),(3,'Ing. Walter Kalcher Qualitätsmanagement','2012-09-26 16:40:47','2012-09-27 06:41:07'),(4,'ORLIK & Co GmbH','2013-02-23 18:34:10','2013-02-23 18:34:10');
/*!40000 ALTER TABLE `companies` ENABLE KEYS */;
UNLOCK TABLES;

--
-- Table structure for table `department_affiliations`
--

DROP TABLE IF EXISTS `department_affiliations`;
/*!40101 SET @saved_cs_client     = @@character_set_client */;
/*!40101 SET character_set_client = utf8 */;
CREATE TABLE `department_affiliations` (
  `id` int(11) NOT NULL AUTO_INCREMENT,
  `user_id` int(11) DEFAULT NULL,
  `department_id` int(11) DEFAULT NULL,
  `created_at` datetime NOT NULL,
  `updated_at` datetime NOT NULL,
  `company_id` int(11) DEFAULT NULL,
  PRIMARY KEY (`id`)
) ENGINE=InnoDB AUTO_INCREMENT=17 DEFAULT CHARSET=latin1;
/*!40101 SET character_set_client = @saved_cs_client */;

--
-- Dumping data for table `department_affiliations`
--

LOCK TABLES `department_affiliations` WRITE;
/*!40000 ALTER TABLE `department_affiliations` DISABLE KEYS */;
INSERT INTO `department_affiliations` VALUES (1,2,1,'2012-09-27 07:59:44','2012-10-02 06:50:07',3),(5,8,3,'2012-10-04 15:01:26','2012-10-04 15:01:26',1),(6,9,3,'2012-10-04 15:05:04','2012-10-04 15:05:04',1),(7,18,4,'2012-10-04 15:07:46','2012-10-04 15:07:46',1),(8,18,8,'2012-10-04 15:07:55','2012-10-04 15:07:55',1),(9,18,7,'2012-10-04 15:08:07','2012-10-04 15:08:07',1),(10,19,6,'2012-10-04 15:08:23','2012-10-04 15:08:23',1),(11,19,14,'2012-10-04 15:08:49','2012-10-04 15:08:49',1),(12,19,4,'2012-10-04 15:09:01','2012-10-04 15:09:01',1),(13,19,5,'2012-10-04 15:09:12','2012-10-04 15:09:12',1),(14,20,9,'2012-10-04 15:09:27','2012-10-04 15:09:27',1),(15,21,4,'2012-10-04 15:09:39','2012-10-04 15:09:39',1),(16,21,6,'2012-10-04 15:09:49','2012-10-04 15:09:49',1);
/*!40000 ALTER TABLE `department_affiliations` ENABLE KEYS */;
UNLOCK TABLES;

--
-- Table structure for table `departments`
--

DROP TABLE IF EXISTS `departments`;
/*!40101 SET @saved_cs_client     = @@character_set_client */;
/*!40101 SET character_set_client = utf8 */;
CREATE TABLE `departments` (
  `id` int(11) NOT NULL AUTO_INCREMENT,
  `name` varchar(255) DEFAULT NULL,
  `company_id` int(11) DEFAULT NULL,
  `created_at` datetime NOT NULL,
  `updated_at` datetime NOT NULL,
  `x` int(11) DEFAULT NULL,
  `y` int(11) DEFAULT NULL,
  PRIMARY KEY (`id`)
) ENGINE=InnoDB AUTO_INCREMENT=20 DEFAULT CHARSET=latin1;
/*!40101 SET character_set_client = @saved_cs_client */;

--
-- Dumping data for table `departments`
--

LOCK TABLES `departments` WRITE;
/*!40000 ALTER TABLE `departments` DISABLE KEYS */;
INSERT INTO `departments` VALUES (1,'Geschäftsleitung',3,'2012-09-27 07:59:18','2012-09-27 07:59:18',NULL,NULL),(2,'Technik',3,'2012-10-04 13:09:31','2012-10-04 13:09:31',NULL,NULL),(3,'Geschäftsleitung',1,'2012-10-04 13:45:22','2012-10-04 15:04:45',NULL,NULL),(4,'Vertrieb',1,'2012-10-04 13:45:49','2012-10-04 15:06:26',NULL,NULL),(5,'Marketing',1,'2012-10-04 13:46:19','2012-10-04 15:03:13',NULL,NULL),(6,'Techn. Kundendienst',1,'2012-10-04 13:46:47','2012-10-04 13:46:47',NULL,NULL),(7,'Auftragsbearbeitung',1,'2012-10-04 13:47:14','2012-10-04 13:47:14',NULL,NULL),(8,'Einkauf',1,'2012-10-04 13:47:33','2012-10-04 13:47:33',NULL,NULL),(9,'Lagerlogistik',1,'2012-10-04 13:47:45','2012-10-04 13:47:45',NULL,NULL),(10,'Außendienst',1,'2012-10-04 15:02:53','2012-10-04 15:02:53',NULL,NULL),(11,'Finanz',1,'2012-10-04 15:06:06','2012-10-04 15:06:06',NULL,NULL),(12,'Controlling',1,'2012-10-04 15:06:15','2012-10-04 15:06:15',NULL,NULL),(13,'Hausverwaltung',1,'2012-10-04 15:07:06','2012-10-04 15:07:06',NULL,NULL),(14,'EDV',1,'2012-10-04 15:08:31','2012-10-04 15:08:31',NULL,NULL),(15,'Vertrieb',3,'2013-01-24 05:53:15','2013-01-24 05:53:15',NULL,NULL),(16,'Einkauf',3,'2013-01-24 05:53:41','2013-01-24 05:53:41',NULL,NULL),(17,'IT',3,'2013-01-24 05:53:53','2013-01-24 05:53:53',NULL,NULL),(18,'test2',3,'2013-02-22 08:15:16','2013-02-22 08:15:16',NULL,NULL),(19,'Konstr',3,'2013-02-25 11:14:25','2013-02-25 11:14:25',NULL,NULL);
/*!40000 ALTER TABLE `departments` ENABLE KEYS */;
UNLOCK TABLES;

--
-- Table structure for table `document_process_step_assignments`
--

DROP TABLE IF EXISTS `document_process_step_assignments`;
/*!40101 SET @saved_cs_client     = @@character_set_client */;
/*!40101 SET character_set_client = utf8 */;
CREATE TABLE `document_process_step_assignments` (
  `id` int(11) NOT NULL AUTO_INCREMENT,
  `document_id` int(11) DEFAULT NULL,
  `process_step_id` int(11) DEFAULT NULL,
  `company_id` int(11) DEFAULT NULL,
  `created_at` datetime NOT NULL,
  `updated_at` datetime NOT NULL,
  PRIMARY KEY (`id`)
) ENGINE=InnoDB AUTO_INCREMENT=2 DEFAULT CHARSET=latin1;
/*!40101 SET character_set_client = @saved_cs_client */;

--
-- Dumping data for table `document_process_step_assignments`
--

LOCK TABLES `document_process_step_assignments` WRITE;
/*!40000 ALTER TABLE `document_process_step_assignments` DISABLE KEYS */;
INSERT INTO `document_process_step_assignments` VALUES (1,2,7,3,'2013-03-17 12:58:02','2013-03-17 13:00:26');
/*!40000 ALTER TABLE `document_process_step_assignments` ENABLE KEYS */;
UNLOCK TABLES;

--
-- Table structure for table `documents`
--

DROP TABLE IF EXISTS `documents`;
/*!40101 SET @saved_cs_client     = @@character_set_client */;
/*!40101 SET character_set_client = utf8 */;
CREATE TABLE `documents` (
  `id` int(11) NOT NULL AUTO_INCREMENT,
  `name` varchar(255) DEFAULT NULL,
  `company_id` int(11) DEFAULT NULL,
  `description` text,
  `internal` tinyint(1) DEFAULT NULL,
  `created_at` datetime NOT NULL,
  `updated_at` datetime NOT NULL,
  `attachment` varchar(255) DEFAULT NULL,
  PRIMARY KEY (`id`)
) ENGINE=InnoDB AUTO_INCREMENT=6 DEFAULT CHARSET=latin1;
/*!40101 SET character_set_client = @saved_cs_client */;

--
-- Dumping data for table `documents`
--

LOCK TABLES `documents` WRITE;
/*!40000 ALTER TABLE `documents` DISABLE KEYS */;
INSERT INTO `documents` VALUES (1,'Rechnung',3,'',0,'2012-10-02 14:27:21','2012-10-02 14:27:21',NULL),(2,'QM-Dokumente',3,'',1,'2012-10-02 17:40:03','2013-06-07 08:31:30','devices.png'),(3,'Aufgabe',1,'Beschreibung einer Tätigkeit',0,'2012-10-04 14:06:50','2012-10-04 14:06:50',NULL),(4,'Checkliste',1,'',0,'2012-10-04 14:11:07','2012-10-04 14:11:07',NULL),(5,'Richtlinie',1,'',0,'2012-10-04 14:11:18','2012-10-04 14:11:18',NULL);
/*!40000 ALTER TABLE `documents` ENABLE KEYS */;
UNLOCK TABLES;

--
-- Table structure for table `employments`
--

DROP TABLE IF EXISTS `employments`;
/*!40101 SET @saved_cs_client     = @@character_set_client */;
/*!40101 SET character_set_client = utf8 */;
CREATE TABLE `employments` (
  `id` int(11) NOT NULL AUTO_INCREMENT,
  `user_id` int(11) DEFAULT NULL,
  `company_id` int(11) DEFAULT NULL,
  `created_at` datetime NOT NULL,
  `updated_at` datetime NOT NULL,
  PRIMARY KEY (`id`)
) ENGINE=InnoDB AUTO_INCREMENT=35 DEFAULT CHARSET=latin1;
/*!40101 SET character_set_client = @saved_cs_client */;

--
-- Dumping data for table `employments`
--

LOCK TABLES `employments` WRITE;
/*!40000 ALTER TABLE `employments` DISABLE KEYS */;
INSERT INTO `employments` VALUES (1,1,2,'2012-09-27 13:06:37','2012-09-27 13:06:37'),(2,2,3,'2012-09-27 13:06:44','2012-10-04 04:58:13'),(3,3,3,'2012-09-27 13:06:49','2012-09-27 13:06:49'),(4,4,3,'2012-09-27 13:06:55','2012-09-27 13:06:55'),(7,7,3,'2012-10-02 06:48:24','2012-10-02 06:48:24'),(8,1,3,'2012-10-02 06:49:56','2012-10-02 06:49:56'),(9,7,2,'2012-10-02 14:28:39','2012-10-02 14:28:39'),(11,8,1,'2012-10-03 14:22:30','2012-10-04 05:59:27'),(12,9,1,'2012-10-04 05:43:28','2012-10-04 05:43:28'),(15,1,1,'2012-10-04 11:39:01','2012-10-04 11:39:01'),(17,18,1,'2012-10-04 13:50:38','2012-10-04 13:50:38'),(18,19,1,'2012-10-04 13:51:24','2012-10-04 13:51:24'),(19,20,1,'2012-10-04 14:53:53','2012-10-04 14:53:53'),(20,21,1,'2012-10-04 14:54:36','2012-10-04 14:54:36'),(21,22,1,'2012-10-04 14:55:12','2012-10-04 14:55:12'),(22,23,1,'2012-10-04 14:56:30','2012-10-04 14:56:30'),(23,24,1,'2012-10-04 14:57:20','2012-10-04 14:57:20'),(24,25,1,'2012-10-04 14:59:39','2012-10-04 14:59:39'),(25,26,2,'2012-10-12 16:31:01','2012-10-12 16:31:01'),(26,26,3,'2012-10-12 16:31:29','2012-10-12 16:31:29'),(27,27,2,'2013-02-19 15:06:14','2013-02-19 15:06:14'),(28,27,3,'2013-02-19 15:07:05','2013-02-19 15:07:05'),(29,28,2,'2013-02-20 13:54:16','2013-02-20 13:54:16'),(30,28,3,'2013-02-20 13:54:31','2013-02-20 13:54:31'),(32,2,4,'2013-02-23 18:34:22','2013-02-23 18:34:22'),(33,28,4,'2013-02-23 18:36:19','2013-02-23 18:36:19'),(34,30,3,'2013-02-24 16:33:24','2013-02-24 16:33:24');
/*!40000 ALTER TABLE `employments` ENABLE KEYS */;
UNLOCK TABLES;

--
-- Table structure for table `flow_objects`
--

DROP TABLE IF EXISTS `flow_objects`;
/*!40101 SET @saved_cs_client     = @@character_set_client */;
/*!40101 SET character_set_client = utf8 */;
CREATE TABLE `flow_objects` (
  `id` int(11) NOT NULL AUTO_INCREMENT,
  `name` varchar(255) DEFAULT NULL,
  `flow_object_class` varchar(255) DEFAULT NULL,
  `image_file_name` varchar(255) DEFAULT NULL,
  `created_at` datetime NOT NULL,
  `updated_at` datetime NOT NULL,
  PRIMARY KEY (`id`)
) ENGINE=InnoDB AUTO_INCREMENT=6 DEFAULT CHARSET=latin1;
/*!40101 SET character_set_client = @saved_cs_client */;

--
-- Dumping data for table `flow_objects`
--

LOCK TABLES `flow_objects` WRITE;
/*!40000 ALTER TABLE `flow_objects` DISABLE KEYS */;
INSERT INTO `flow_objects` VALUES (1,'Start','Event','start.png','2013-02-19 14:39:35','2013-02-19 14:39:35'),(2,'Ende','Event','end.png','2013-02-19 14:39:45','2013-02-19 14:39:45'),(3,'Task','Activity','task.png','2013-02-19 14:40:02','2013-02-19 14:40:02'),(4,'SequenceFlow','Sequence Flow','sequence_flow.png','2013-02-20 08:05:10','2013-02-20 08:31:50'),(5,'exklusives Gateway','Gateway','exclusive_gateway.png','2013-03-17 12:35:58','2013-03-17 12:36:58');
/*!40000 ALTER TABLE `flow_objects` ENABLE KEYS */;
UNLOCK TABLES;

--
-- Table structure for table `functions`
--

DROP TABLE IF EXISTS `functions`;
/*!40101 SET @saved_cs_client     = @@character_set_client */;
/*!40101 SET character_set_client = utf8 */;
CREATE TABLE `functions` (
  `id` int(11) NOT NULL AUTO_INCREMENT,
  `name` varchar(255) DEFAULT NULL,
  `company_id` int(11) DEFAULT NULL,
  `created_at` datetime NOT NULL,
  `updated_at` datetime NOT NULL,
  `description` text,
  `tasks` text,
  `responsibilities` text,
  `skills` text,
  `goals` text,
  `authorities` text,
  `comments` text,
  `x` int(11) DEFAULT NULL,
  `y` int(11) DEFAULT NULL,
  PRIMARY KEY (`id`)
) ENGINE=InnoDB AUTO_INCREMENT=22 DEFAULT CHARSET=latin1;
/*!40101 SET character_set_client = @saved_cs_client */;

--
-- Dumping data for table `functions`
--

LOCK TABLES `functions` WRITE;
/*!40000 ALTER TABLE `functions` DISABLE KEYS */;
INSERT INTO `functions` VALUES (1,'Geschäftsleitung',3,'2012-09-27 06:44:46','2012-09-28 07:29:10','Jetzt <b>können</b> wir Felder mit Textile formatieren. Damit ist Text formatierbar, das Look & Feel der Applikation bleibt aber bestehen.\r\nFalls jemand versucht, HTML zu verwenden, das wird weiterhin ignoriert.\r\n\r\n * *fett*\r\n * _kursiv_\r\n * +unterstrichen+\r\n * -durchgestrichen-\r\n\r\n # Erster Listeintrag\r\n # Zweiter Listeintrag\r\n # Dritter Listeintrag\r\n\r\np. Ich bin ein Absatz. Lorem ipsum dolor sit amet, consetetur sadipscing elitr, sed diam nonumy eirmod tempor invidunt ut labore et dolore magna aliquyam erat, sed diam voluptua. At vero eos et accusam et justo duo dolores et ea rebum. Stet clita kasd gubergren, no sea takimata sanctus est Lorem ipsum dolor sit amet. Lorem ipsum dolor sit amet, consetetur sadipscing elitr, sed diam nonumy eirmod tempor invidunt ut labore et dolore magna aliquyam erat, sed diam voluptua. At vero eos et accusam et justo duo dolores et ea rebum. Stet clita kasd gubergren, no sea takimata sanctus est Lorem ipsum dolor sit amet.\r\n\r\np. Ich bin ein weiterer Absatz. Lorem ipsum dolor sit amet, consetetur sadipscing elitr, sed diam nonumy eirmod tempor invidunt ut labore et dolore magna aliquyam erat, sed diam voluptua. At vero eos et accusam et justo duo dolores et ea rebum. Stet clita kasd gubergren, no sea takimata sanctus est Lorem ipsum dolor sit amet. Lorem ipsum dolor sit amet, consetetur sadipscing elitr, sed diam nonumy eirmod tempor invidunt ut labore et dolore magna aliquyam erat, sed diam voluptua. At vero eos et accusam et justo duo dolores et ea rebum. Stet clita kasd gubergren, no sea takimata sanctus est Lorem ipsum dolor sit amet.\r\n\r\nh1. Überschrift erster Ordnung\r\n\r\nh2. Überschrift zweiter Ordnung\r\n\r\nh3. Überschrift dritter Ordnung\r\n\r\nh4. Überschrift vierter Ordnung\r\n\r\nbq. ein Zitat: Lorem ipsum dolor sit amet, consetetur sadipscing elitr, sed diam nonumy eirmod tempor invidunt ut labore et dolore magna aliquyam erat, sed diam voluptua. At vero eos et accusam et justo duo dolores et ea rebum. Stet clita kasd gubergren, no sea takimata sanctus est Lorem ipsum dolor sit amet. Lorem ipsum dolor sit amet, consetetur sadipscing elitr, sed diam nonumy eirmod tempor invidunt ut labore et dolore magna aliquyam erat, sed diam voluptua. At vero eos et accusam et justo duo dolores et ea rebum. Stet clita kasd gubergren, no sea takimata sanctus est Lorem ipsum dolor sit amet.\r\n\r\np(((. Eingerückt. Lorem ipsum dolor sit amet, consetetur sadipscing elitr, sed diam nonumy eirmod tempor invidunt ut labore et dolore magna aliquyam erat, sed diam voluptua. At vero eos et accusam et justo duo dolores et ea rebum. Stet clita kasd gubergren, no sea takimata sanctus est Lorem ipsum dolor sit amet. Lorem ipsum dolor sit amet, consetetur sadipscing elitr, sed diam nonumy eirmod tempor invidunt ut labore et dolore magna aliquyam erat, sed diam voluptua. At vero eos et accusam et justo duo dolores et ea rebum. Stet clita kasd gubergren, no sea takimata sanctus est Lorem ipsum dolor sit amet.\r\n\r\np=. Zentriert. Lorem ipsum dolor sit amet, consetetur sadipscing elitr, sed diam nonumy eirmod tempor invidunt ut labore et dolore magna aliquyam erat, sed diam voluptua. At vero eos et accusam et justo duo dolores et ea rebum. Stet clita kasd gubergren, no sea takimata sanctus est Lorem ipsum dolor sit amet. Lorem ipsum dolor sit amet, consetetur sadipscing elitr, sed diam nonumy eirmod tempor invidunt ut labore et dolore magna aliquyam erat, sed diam voluptua. At vero eos et accusam et justo duo dolores et ea rebum. Stet clita kasd gubergren, no sea takimata sanctus est Lorem ipsum dolor sit amet.\r\n\r\np<>. Blocksatz. Lorem ipsum dolor sit amet, consetetur sadipscing elitr, sed diam nonumy eirmod tempor invidunt ut labore et dolore magna aliquyam erat, sed diam voluptua. At vero eos et accusam et justo duo dolores et ea rebum. Stet clita kasd gubergren, no sea takimata sanctus est Lorem ipsum dolor sit amet. Lorem ipsum dolor sit amet, consetetur sadipscing elitr, sed diam nonumy eirmod tempor invidunt ut labore et dolore magna aliquyam erat, sed diam voluptua. At vero eos et accusam et justo duo dolores et ea rebum. Stet clita kasd gubergren, no sea takimata sanctus est Lorem ipsum dolor sit amet.\r\n\r\np>. Rechtsbündig. Lorem ipsum dolor sit amet, consetetur sadipscing elitr, sed diam nonumy eirmod tempor invidunt ut labore et dolore magna aliquyam erat, sed diam voluptua. At vero eos et accusam et justo duo dolores et ea rebum. Stet clita kasd gubergren, no sea takimata sanctus est Lorem ipsum dolor sit amet. Lorem ipsum dolor sit amet, consetetur sadipscing elitr, sed diam nonumy eirmod tempor invidunt ut labore et dolore magna aliquyam erat, sed diam voluptua. At vero eos et accusam et justo duo dolores et ea rebum. Stet clita kasd gubergren, no sea takimata sanctus est Lorem ipsum dolor sit amet.',NULL,NULL,NULL,NULL,NULL,NULL,NULL,NULL),(2,'Administration',3,'2012-09-27 06:45:41','2012-09-27 07:58:05','Administrations - Administrator in der Administration. Oder so.',NULL,NULL,NULL,NULL,NULL,NULL,NULL,NULL),(3,'Vertrieb',3,'2012-09-27 06:45:52','2012-09-27 06:45:52',NULL,NULL,NULL,NULL,NULL,NULL,NULL,NULL,NULL),(4,'Einkauf',3,'2012-09-27 06:46:01','2013-06-06 13:27:45',NULL,NULL,NULL,NULL,NULL,NULL,NULL,-891,76),(5,'Buchhaltung',3,'2012-09-27 06:46:11','2013-06-06 13:27:43',NULL,NULL,NULL,NULL,NULL,NULL,NULL,-975,39),(6,'Qualitätsmanagement',3,'2012-09-27 06:47:01','2013-06-06 13:29:15',NULL,NULL,NULL,NULL,NULL,NULL,NULL,46,86),(7,'Geschäftsleitung',2,'2012-10-02 06:51:35','2012-10-02 06:51:35','',NULL,NULL,NULL,NULL,NULL,NULL,NULL,NULL),(8,'Geschäftsführung Finanz + Controlling',1,'2012-10-04 13:58:15','2012-10-04 13:58:15','Richtlinien\r\n\r\nRichtlinien werden durch Erfahrung oder durch Gesetze eingeführt.\r\nRichtlinie werden mit Absprachen beider Geschäftsführer beschlossen und freigegeben.\r\n\r\nBeobachten und Umsetzung der Richtlinien \r\nEinhaltung der Richtlinien\r\nNeue Richtlinien erstellen und alte ergänzen.\r\n','Saldenlisten 024\r\nDevisenkauf 027\r\nRichtlinien 030\r\n\r\n\r\n','sämtliche Unternehménsverantwortung','Fähigkeiten','Ziele','Befugnisse\r\n','',NULL,NULL),(9,'Geschäftsführung Vertrieb (inkl. Einkauf u. Marketing)',1,'2012-10-04 14:23:12','2012-10-04 14:45:59','','','','','','','',NULL,NULL),(10,'Kundenbetreuer',1,'2012-10-04 14:23:29','2012-10-04 14:23:29','','','','','','','',NULL,NULL),(11,'Hausverwaltung',1,'2012-10-04 14:26:29','2012-10-04 14:26:29','','','','','','','',NULL,NULL),(12,'Raumpflege',1,'2012-10-04 14:26:40','2012-10-04 14:26:40','','','','','','','',NULL,NULL),(13,'Büroorganisation',1,'2012-10-04 14:27:36','2012-10-04 14:27:36','','','','','','','',NULL,NULL),(14,'Buchhaltung ext',1,'2012-10-04 14:29:24','2012-10-04 14:29:24','','','','','','','',NULL,NULL),(15,'Sachbearbeitung Verkauf',1,'2012-10-04 14:29:56','2012-10-04 14:41:46','\r\n\r\n','','','','','','',NULL,NULL),(16,'Abteilungsleiter Technik',1,'2012-10-04 14:31:23','2012-10-04 14:31:23','','','','','','','',NULL,NULL),(17,'Einkauf Sachbearbeitung',1,'2012-10-04 14:43:37','2012-10-04 14:43:37','','','','','','','',NULL,NULL),(18,'Abteilungsleitung Lager',1,'2012-10-04 14:47:10','2012-10-04 14:47:10','','','','','','','',NULL,NULL),(19,'Technischer Assistent',1,'2012-10-04 14:47:37','2012-10-04 14:47:37','','','','','','','',NULL,NULL),(20,'Abteilungsleitung EDV',1,'2012-10-04 14:48:34','2012-10-04 14:48:34','','','','','','','',NULL,NULL),(21,'Qualitätsmanagement',1,'2012-10-04 14:49:21','2012-10-04 14:49:21','','','','','','','',NULL,NULL);
/*!40000 ALTER TABLE `functions` ENABLE KEYS */;
UNLOCK TABLES;

--
-- Table structure for table `instruction_document_assignments`
--

DROP TABLE IF EXISTS `instruction_document_assignments`;
/*!40101 SET @saved_cs_client     = @@character_set_client */;
/*!40101 SET character_set_client = utf8 */;
CREATE TABLE `instruction_document_assignments` (
  `id` int(11) NOT NULL AUTO_INCREMENT,
  `instruction_id` int(11) DEFAULT NULL,
  `document_id` int(11) DEFAULT NULL,
  `company_id` int(11) DEFAULT NULL,
  `created_at` datetime NOT NULL,
  `updated_at` datetime NOT NULL,
  PRIMARY KEY (`id`)
) ENGINE=InnoDB DEFAULT CHARSET=latin1;
/*!40101 SET character_set_client = @saved_cs_client */;

--
-- Dumping data for table `instruction_document_assignments`
--

LOCK TABLES `instruction_document_assignments` WRITE;
/*!40000 ALTER TABLE `instruction_document_assignments` DISABLE KEYS */;
/*!40000 ALTER TABLE `instruction_document_assignments` ENABLE KEYS */;
UNLOCK TABLES;

--
-- Table structure for table `instruction_process_step_assignments`
--

DROP TABLE IF EXISTS `instruction_process_step_assignments`;
/*!40101 SET @saved_cs_client     = @@character_set_client */;
/*!40101 SET character_set_client = utf8 */;
CREATE TABLE `instruction_process_step_assignments` (
  `id` int(11) NOT NULL AUTO_INCREMENT,
  `instruction_id` int(11) DEFAULT NULL,
  `process_step_id` int(11) DEFAULT NULL,
  `company_id` int(11) DEFAULT NULL,
  `created_at` datetime NOT NULL,
  `updated_at` datetime NOT NULL,
  PRIMARY KEY (`id`)
) ENGINE=InnoDB DEFAULT CHARSET=latin1;
/*!40101 SET character_set_client = @saved_cs_client */;

--
-- Dumping data for table `instruction_process_step_assignments`
--

LOCK TABLES `instruction_process_step_assignments` WRITE;
/*!40000 ALTER TABLE `instruction_process_step_assignments` DISABLE KEYS */;
/*!40000 ALTER TABLE `instruction_process_step_assignments` ENABLE KEYS */;
UNLOCK TABLES;

--
-- Table structure for table `instructions`
--

DROP TABLE IF EXISTS `instructions`;
/*!40101 SET @saved_cs_client     = @@character_set_client */;
/*!40101 SET character_set_client = utf8 */;
CREATE TABLE `instructions` (
  `id` int(11) NOT NULL AUTO_INCREMENT,
  `title` varchar(255) DEFAULT NULL,
  `company_id` int(11) DEFAULT NULL,
  `number` varchar(255) DEFAULT NULL,
  `created_by` int(11) DEFAULT NULL,
  `updated_by` int(11) DEFAULT NULL,
  `in_charge_id` int(11) DEFAULT NULL,
  `controlled_by_id` int(11) DEFAULT NULL,
  `released_by_id` int(11) DEFAULT NULL,
  `scope_id` int(11) DEFAULT NULL,
  `revision_date` date DEFAULT NULL,
  `tasks` text,
  `ressources` text,
  `necessary_information` text,
  `security` text,
  `ecology` text,
  `on_deviation` text,
  `created_at` datetime NOT NULL,
  `updated_at` datetime NOT NULL,
  PRIMARY KEY (`id`)
) ENGINE=InnoDB DEFAULT CHARSET=latin1;
/*!40101 SET character_set_client = @saved_cs_client */;

--
-- Dumping data for table `instructions`
--

LOCK TABLES `instructions` WRITE;
/*!40000 ALTER TABLE `instructions` DISABLE KEYS */;
/*!40000 ALTER TABLE `instructions` ENABLE KEYS */;
UNLOCK TABLES;

--
-- Table structure for table `news`
--

DROP TABLE IF EXISTS `news`;
/*!40101 SET @saved_cs_client     = @@character_set_client */;
/*!40101 SET character_set_client = utf8 */;
CREATE TABLE `news` (
  `id` int(11) NOT NULL AUTO_INCREMENT,
  `name` varchar(255) DEFAULT NULL,
  `description` text,
  `created_by` int(11) DEFAULT NULL,
  `updated_by` int(11) DEFAULT NULL,
  `created_at` datetime NOT NULL,
  `updated_at` datetime NOT NULL,
  PRIMARY KEY (`id`)
) ENGINE=InnoDB AUTO_INCREMENT=13 DEFAULT CHARSET=latin1;
/*!40101 SET character_set_client = @saved_cs_client */;

--
-- Dumping data for table `news`
--

LOCK TABLES `news` WRITE;
/*!40000 ALTER TABLE `news` DISABLE KEYS */;
INSERT INTO `news` VALUES (1,'News bei der Anmeldung dargestellt','Beim Einloggen werden Neuigkeiten zu allen Änderungen dargestellt, die seit der letzten Anmeldung stattgefunden haben.\r\n\r\n_Sie werden übrigens nach einer Stunde automatisch abgemeldet, sollten Sie nicht auf den [Abmelden]-Link klicken._',1,NULL,'2012-10-09 09:14:53','2012-10-09 09:14:53'),(2,'Layout','* Modernere Schriftarten und kleinere Elemente erhöhen die Lesbarkeit.\r\n* Das Menü zeigt nun den gewählten Menüpunkt.\r\n* Klick auf den Titel @Qm.mittenin.at@ bringt die Benutzer zur Startseite',1,1,'2012-10-10 07:14:15','2012-10-10 07:19:28'),(3,'Zeitzone','Bislang erfolgte die Darstellung von Daten in UTC (universal time coordinated).\r\n\r\nAb jetzt erfolgt die korrekte Darstellung als MEZ (Mitteleuropäische Zeit )bzw. MESZ (Mitteleuropäische Sommerzeit).',1,1,'2012-10-11 14:35:00','2012-10-11 14:35:00'),(4,'Erweiterung Geschäftsprozess','Geschäftsprozesse wurden um folgende Felder erweitert:\r\n* Autor (automatisch aus dem angemeldeten User)\r\n* Geltungsbereich\r\n* Geschäftsprozesse werden ab jetzt versioniert: Die Versionen können in der Registerkarte [Versionen] eingesehen werden.\r\n* Versionsunterschiede werden farblich gekenzeichnet: \r\n** grün: Text ist neu hinzugekommen, bzw. Neuer Eintrag\r\n** rot: Text wurde entfernt, bzw.: Alter Eintrag \r\n',1,1,'2012-10-11 14:36:17','2013-02-21 17:01:24'),(5,'Fehler im Berechtigungswesen','...behoben. Leider einer, der sogar die Anmeldung scheitern ließ.',1,1,'2012-10-18 13:25:42','2012-10-18 13:25:42'),(6,'Update 19. Februar 2013','h1. Prozessschritte \r\n\r\n* Prozessschritte können nun angelegt und Prozessen zugeordnet werden ( Es gibt noch keine Vorgänger - Nachfolger Relation und keine graphische Darstellung, das folgt als Nächstes.)\r\n* Prozessschritte habe einen Typ, genannt BPMN Objekt Typ. Dieser wird zur Visualisierung und für die Kontrolle der Abläufe verwendet werden. So wird ein Schritt vom Typ \"Ende\" keinen Nachfolger haben können, etc.\r\n* Momentan gibt es die Flow Objekte [Start], [Ende] und [Task]. Weitere werden folgen.\r\n\r\nh1. Bugfixes\r\n\r\nEinige kleinere Bugfixes gab es im Bereicht Layout: \r\n* Alle Textbeschriftungen auf Buttons weisen ausreichenden Kontrast auf.\r\n* Die Schriftarten und Farben sind nun einheitlich.\r\n* Im Texteditor erscheint die Buttonleiste nicht mehr doppelt.\r\n* Ein Fehler in der Darstellung der Versionierungsinformationen wurde behoben.',1,1,'2013-02-19 15:12:04','2013-02-19 15:12:04'),(7,'Update 20.Februar 2013','h1. Nachfolgerelationen in Prozessen\r\n\r\n* Prozessschritte können nun furch BPMN Sequenflüsse verbunden werden - einfach als \"Pfeile zwischen den Kasterln\" zu veranschalulichen.\r\n* Dazu verwenden Sie im Menü [Prozesse] den Menüpunkt [BPMN Sequenzflüsse]. Eine intuitivere Eingabemöglichkeit und Visualisierung wird folgen.\r\n* Damit haben Prozessschritte Vorgänger und Nachfolger. ',1,1,'2013-02-20 10:28:12','2013-02-20 10:28:12'),(8,'Update 21.Februar 2013','Alle Index-Ansichten (Listen von Objekten)  sind nun komfortabler: \r\nSuche, Filterung, Anzahl der Einträge pro Seite und Sortierung sind ohne Reload der Seite durchführbar.',1,1,'2013-02-21 16:57:43','2013-02-21 16:58:11'),(9,'Update 22.Februar 2013','* Alle Statusmeldungen sind jetzt ins Deutsche übersetzt.\r\n* Bei der Useranlage können nun bereits Funktionen, Rollen, etc. zugeordnet werden, ohne dass es zu einer Fehlermeldung kommt.\r\n* Die Übersetzung der Sperrmeldungen ist teilweise erledigt.',1,1,'2013-02-22 09:13:33','2013-02-22 21:51:47'),(10,'Update 24.Februar 2013','h1. Berechtigungswesen\r\n\r\n* Benutzer sehen nun nur mehr die Links der Aktionen, die sie auch ausführen dürfen\r\n* Qualitätsmanager können Personen in allen Firmen anstellen, in denen sie selbst angestellt sind\r\n* Qualitätsmanager können andere Personen zu Qualitätsmanagern machen\r\n\r\n',1,1,'2013-02-24 07:10:33','2013-02-24 07:25:17'),(11,'Update 3.März 2013','h1. Neue Features \r\n\r\n *  Arbeitsanweisungen und Aufzeichnungen können  ab jetzt Prozessschritten zugeordnet werden.',1,1,'2013-03-03 10:28:37','2013-03-09 07:38:50'),(12,'Update 9.März','h1. Neues Feature\r\n\r\n* Dokumente können ab jetzt Arbeitsanweisungen und Prozessschritten zugeordnet werden\r\n',1,1,'2013-03-09 07:37:47','2013-03-09 18:55:48');
/*!40000 ALTER TABLE `news` ENABLE KEYS */;
UNLOCK TABLES;

--
-- Table structure for table `note_process_step_assignments`
--

DROP TABLE IF EXISTS `note_process_step_assignments`;
/*!40101 SET @saved_cs_client     = @@character_set_client */;
/*!40101 SET character_set_client = utf8 */;
CREATE TABLE `note_process_step_assignments` (
  `id` int(11) NOT NULL AUTO_INCREMENT,
  `note_id` int(11) DEFAULT NULL,
  `process_step_id` int(11) DEFAULT NULL,
  `company_id` int(11) DEFAULT NULL,
  `created_at` datetime NOT NULL,
  `updated_at` datetime NOT NULL,
  PRIMARY KEY (`id`)
) ENGINE=InnoDB AUTO_INCREMENT=4 DEFAULT CHARSET=latin1;
/*!40101 SET character_set_client = @saved_cs_client */;

--
-- Dumping data for table `note_process_step_assignments`
--

LOCK TABLES `note_process_step_assignments` WRITE;
/*!40000 ALTER TABLE `note_process_step_assignments` DISABLE KEYS */;
INSERT INTO `note_process_step_assignments` VALUES (1,5,7,3,'2013-03-17 12:57:33','2013-03-17 13:00:04'),(2,6,7,3,'2013-03-17 12:57:45','2013-03-17 13:00:11'),(3,7,7,3,'2013-03-17 12:57:53','2013-03-17 12:59:57');
/*!40000 ALTER TABLE `note_process_step_assignments` ENABLE KEYS */;
UNLOCK TABLES;

--
-- Table structure for table `notes`
--

DROP TABLE IF EXISTS `notes`;
/*!40101 SET @saved_cs_client     = @@character_set_client */;
/*!40101 SET character_set_client = utf8 */;
CREATE TABLE `notes` (
  `id` int(11) NOT NULL AUTO_INCREMENT,
  `name` varchar(255) DEFAULT NULL,
  `company_id` int(11) DEFAULT NULL,
  `description` text,
  `created_at` datetime NOT NULL,
  `updated_at` datetime NOT NULL,
  `duration` varchar(255) DEFAULT NULL,
  `location` varchar(255) DEFAULT NULL,
  `medium` varchar(255) DEFAULT NULL,
  `archiving` varchar(255) DEFAULT NULL,
  PRIMARY KEY (`id`)
) ENGINE=InnoDB AUTO_INCREMENT=9 DEFAULT CHARSET=latin1;
/*!40101 SET character_set_client = @saved_cs_client */;

--
-- Dumping data for table `notes`
--

LOCK TABLES `notes` WRITE;
/*!40000 ALTER TABLE `notes` DISABLE KEYS */;
INSERT INTO `notes` VALUES (1,'Tätigkeits- und Zeitbestätigung',3,'Beim Kunden geleistete Tätigkeiten müssen aufgezeichnet und vom Kunden quittiert werden.\r\nDiese Tätigkeits- und Zeitbestätigung dient als Grundlage für die Fakturierung der Leistung','2012-10-02 14:27:00','2012-10-02 17:29:46',NULL,NULL,NULL,NULL),(2,'Angebot',3,'Erstellte Angebote\r\nMedium: WORD-Dokument\r\nAblage: elektron --> gespeichert Pfad........in Papierform -> Kundenakt\r\nAufbewahrungsdauer: 7 Jahre (+ Kalenderjahr des Entstehens)\r\n\r\n','2012-10-02 17:35:30','2012-10-02 17:35:30',NULL,NULL,NULL,NULL),(3,'Auftragsbestätigung',3,'Erstellte Auftragsbestätigung\r\nMedium: WORD-Dokument\r\nAblage: elektron --> gespeichert Pfad........in Papierform -> Kundenakt\r\nAufbewahrungsdauer: 7 Jahre (+ Kalenderjahr des Entstehens)\r\n\r\n','2012-10-02 17:35:57','2012-10-02 17:36:59',NULL,NULL,NULL,NULL),(4,'Rechnung',3,'Erstellte Rechnungen\r\nMedium: WORD-Dokument\r\nAblage: elektron --> gespeichert Pfad........in Papierform -> Kundenakt\r\nAufbewahrungsdauer: 7 Jahre (+ Kalenderjahr des Entstehens)\r\n\r\n','2012-10-02 17:37:19','2012-10-02 17:37:19',NULL,NULL,NULL,NULL),(5,'QA-Auditcheckliste',3,'Durch den Upload im WIS ist grundsätzlich eine eigene Archivierung nicht erforderlich.\r\nTrotzdem wird die Auditcheckliste elektronisch und in papierform archiviert.\r\nElektronisch im Verzeichnis C/DATEN/1Qualityaustria/Audits im Kundenordner im jeweiligen Uploadjahr\r\nIn Papier wird die Auditcheckliste im gelben Kundenordner abgelegt.\r\n','2012-10-02 17:39:15','2013-02-18 16:10:27','3 Jahre','Kundenordner / elektronisch intern / elektronisch extern ','Daten / Papier','JA'),(6,'QA-Auditprogramm',3,'Durch den Upload im WIS ist grundsätzlich eine eigene Archivierung nicht erforderlich.\r\nTrotzdem wird das Auditprogramm elektronisch und in papierform archiviert.\r\nElektronisch im Verzeichnis C/DATEN/1Qualityaustria/Audits im Kundenordner im jeweiligen Uploadjahr\r\nIn Papier wird das Auditprogramm im gelben Kundenordner abgelegt. ','2013-02-18 16:00:55','2013-02-18 16:00:55','3 jahre','Kundenordner / elektronisch intern / elektronisch extern ','Daten / Papier','JA'),(7,'QA-Auditbericht',3,'Durch den Upload im WIS ist grundsätzlich eine eigene Archivierung nicht erforderlich.\r\nTrotzdem wird der Auditbericht elektronisch und in papierform archiviert.\r\nElektronisch im Verzeichnis C/DATEN/1Qualityaustria/Audits im Kundenordner im jeweiligen Uploadjahr\r\nIn Papier wird der Auditbericht im gelben Kundenordner abgelegt.\r\n\r\n','2013-02-18 16:04:21','2013-02-18 16:05:49','3 Jahre','Kundenordner / elektronisch intern / elektronisch extern ','Daten / Papier','JA'),(8,'QA-Auditbestätigung',3,'Durch den Upload im WIS ist grundsätzlich eine eigene Archivierung nicht erforderlich.\r\nTrotzdem wird die Auditbestätigung elektronisch und in papierform archiviert.\r\nElektronisch im Verzeichnis C/DATEN/1Qualityaustria/Audits im Kundenordner im jeweiligen Uploadjahr\r\nIn Papier wird die Auditbestätigung im gelben Kundenordner abgelegt.\r\n','2013-02-18 16:06:41','2013-02-18 16:07:53','3 Jahre','Kundenordner / elektronisch intern / elektronisch extern ','Daten / Papier','JA');
/*!40000 ALTER TABLE `notes` ENABLE KEYS */;
UNLOCK TABLES;

--
-- Table structure for table `process_classes`
--

DROP TABLE IF EXISTS `process_classes`;
/*!40101 SET @saved_cs_client     = @@character_set_client */;
/*!40101 SET character_set_client = utf8 */;
CREATE TABLE `process_classes` (
  `id` int(11) NOT NULL AUTO_INCREMENT,
  `name` varchar(255) DEFAULT NULL,
  `company_id` int(11) DEFAULT NULL,
  `description` text,
  `created_at` datetime NOT NULL,
  `updated_at` datetime NOT NULL,
  `color` varchar(255) DEFAULT NULL,
  PRIMARY KEY (`id`)
) ENGINE=InnoDB AUTO_INCREMENT=10 DEFAULT CHARSET=latin1;
/*!40101 SET character_set_client = @saved_cs_client */;

--
-- Dumping data for table `process_classes`
--

LOCK TABLES `process_classes` WRITE;
/*!40000 ALTER TABLE `process_classes` DISABLE KEYS */;
INSERT INTO `process_classes` VALUES (1,'Management',3,'Prozesse, die zum Führen, Steuern und Lenken des Unternehmens dienen.','2012-10-02 14:15:09','2012-10-04 07:11:54','rot'),(2,'Wertschöpfung',3,'Diese Prozesse beginnen in der Regel beim Kunden und enden wieder beim Kunden. Der Anstoß kommt vom Kunden (Bedarf) und endet mit der Lieferung der Unternehmensleistung (Produkt und/oder Dienstleistung). Daher werden diese PÜrozesse auch END TO END-Prozesse genannt.\r\n+*Mit diesen Prozessen verdient das Unternehmen Geld.*+','2012-10-02 14:15:33','2012-10-04 07:12:07','blau'),(3,'Unterstützung',3,'Diese Prozesse unterstützen / ermöglichen die Wertschöfungsprozesse, sind selbst jedoch alleine nicht wertschöpfend,','2012-10-02 14:15:41','2012-10-04 07:12:16','schwarz'),(4,'Verbesserung',3,'Prozesse die der Verbesserung der ges. Unternehmensleistung dienen.\r\nAuffinden von Potential (Monitoring, Reporting), Ursachenforschung, Maßnahmensetzung, Wirksamkeitsprüfung','2012-10-02 14:15:55','2012-10-04 07:12:24','gruen'),(5,'Führungsprozesse',1,'Alle Prozesse, die zum leiten und lenken des Unternehmens nötig sind.','2012-10-04 05:31:32','2012-10-04 11:39:48','rot'),(6,'Leistungsprozesse',1,'Alle Prozesse, die zum Erfüllen von Kundenanforderungen nötig sind (auch Teilprozesse davon).','2012-10-04 05:33:11','2012-10-04 11:39:58','blau'),(7,'Supportprozesse',1,'Diese Prozesse unterstützen / ermöglichen die Wertschöfungsprozesse, sind selbst jedoch alleine nicht wertschöpfend,','2012-10-04 05:33:43','2012-10-04 11:40:07','schwarz'),(8,'Messung, Analyse, Verbesserung',1,'Alle Prozesse, die die Unternehmensleistung messen, analysieren und verbessern','2012-10-04 05:34:39','2012-10-04 11:40:16','gruen'),(9,'ausgelagerte Prozesse',3,'Unternehmenstätigkeiten die extern vergeben werden, wenn diese auch intern durchgeführt werden könnten (zB. auch Kapazitätsgründen) ','2012-10-10 07:24:09','2012-10-10 07:24:09','gelb');
/*!40000 ALTER TABLE `process_classes` ENABLE KEYS */;
UNLOCK TABLES;

--
-- Table structure for table `process_indicators`
--

DROP TABLE IF EXISTS `process_indicators`;
/*!40101 SET @saved_cs_client     = @@character_set_client */;
/*!40101 SET character_set_client = utf8 */;
CREATE TABLE `process_indicators` (
  `id` int(11) NOT NULL AUTO_INCREMENT,
  `name` varchar(255) DEFAULT NULL,
  `company_id` int(11) DEFAULT NULL,
  `metering_point` varchar(255) DEFAULT NULL,
  `value` varchar(255) DEFAULT NULL,
  `unit` varchar(255) DEFAULT NULL,
  `nominal_value` varchar(255) DEFAULT NULL,
  `operator` varchar(255) DEFAULT NULL,
  `description` text,
  `created_at` datetime NOT NULL,
  `updated_at` datetime NOT NULL,
  PRIMARY KEY (`id`)
) ENGINE=InnoDB AUTO_INCREMENT=4 DEFAULT CHARSET=latin1;
/*!40101 SET character_set_client = @saved_cs_client */;

--
-- Dumping data for table `process_indicators`
--

LOCK TABLES `process_indicators` WRITE;
/*!40000 ALTER TABLE `process_indicators` DISABLE KEYS */;
INSERT INTO `process_indicators` VALUES (1,'Durchlaufzeit S2A',3,'Rechnungsversand','Durchlaufzeit','Tage','14','','Durchlaufzeit zwischen _Bestellung_ durch den Kunden bis *Ausstellung Rechnung*, d.h. DL ist erbracht und abgenommen.','2012-10-02 14:23:59','2012-10-02 14:25:33'),(2,'WIN-Rate Angebote',3,'Ende Quartal','WIN-Rate Angebote','%','30','W. Kalcher','Im Quartal müssen Angebote mit einem Angebotswert von 30 % des geplanten Jahresumsatzes gewonnen werden.\r\nBei Einhaltung ist eine Zielerreichung des Jahresumsatzes sichergestellt.','2012-10-02 17:26:22','2012-10-03 15:08:42'),(3,'Umsatz',3,'monatlich (Ende)','','','','','','2012-10-02 17:56:27','2012-10-02 17:56:27');
/*!40000 ALTER TABLE `process_indicators` ENABLE KEYS */;
UNLOCK TABLES;

--
-- Table structure for table `process_steps`
--

DROP TABLE IF EXISTS `process_steps`;
/*!40101 SET @saved_cs_client     = @@character_set_client */;
/*!40101 SET character_set_client = utf8 */;
CREATE TABLE `process_steps` (
  `id` int(11) NOT NULL AUTO_INCREMENT,
  `title` varchar(255) DEFAULT NULL,
  `company_id` int(11) DEFAULT NULL,
  `description` text,
  `flow_object_id` int(11) DEFAULT NULL,
  `business_process_id` int(11) DEFAULT NULL,
  `created_by` int(11) DEFAULT NULL,
  `updated_by` int(11) DEFAULT NULL,
  `created_at` datetime NOT NULL,
  `updated_at` datetime NOT NULL,
  PRIMARY KEY (`id`)
) ENGINE=InnoDB AUTO_INCREMENT=16 DEFAULT CHARSET=latin1;
/*!40101 SET character_set_client = @saved_cs_client */;

--
-- Dumping data for table `process_steps`
--

LOCK TABLES `process_steps` WRITE;
/*!40000 ALTER TABLE `process_steps` DISABLE KEYS */;
INSERT INTO `process_steps` VALUES (3,'erster Mittenschritt',3,'erster Mittenschritt',3,32,1,1,'2013-02-20 10:45:33','2013-03-18 19:10:42'),(4,'zweiter Mittenschritt',3,'zweiter Mittenschritt',3,32,1,1,'2013-02-20 10:45:47','2013-03-18 19:10:54'),(5,'Endschritt',3,'Endschritt',2,32,1,1,'2013-02-20 10:46:04','2013-03-18 19:10:04'),(6,'Beauftragung durch QA',3,'beschreibung 1\r\n',1,32,2,2,'2013-02-20 12:31:53','2013-02-20 12:31:53'),(7,'Kundenkontakt ',3,'Auditplanung',5,32,2,1,'2013-02-20 12:32:43','2013-03-18 19:14:54'),(8,'Kundenanfrage',3,'.',1,34,1,1,'2013-03-20 06:21:41','2013-03-20 06:21:41'),(9,'Machbarkeitsprüfung',3,'.',3,34,1,1,'2013-03-20 06:22:08','2013-03-20 06:22:08'),(10,'Daten für Angebot klar?',3,'.',5,34,1,1,'2013-03-20 06:22:39','2013-03-20 06:22:39'),(11,'Angebot legen?',3,'.',3,34,1,1,'2013-03-20 06:23:19','2013-03-20 06:23:19'),(12,'Verhandlung erfolgreich?',3,'.',5,34,1,1,'2013-03-20 06:23:59','2013-03-20 06:23:59'),(13,'Auftrag erhalten',3,'.',3,34,1,1,'2013-03-20 06:24:22','2013-03-20 06:24:22'),(14,'Ablage /Archiv',3,'.',3,34,1,1,'2013-03-20 06:24:47','2013-03-20 06:24:47'),(15,'Ende',3,'.',2,34,1,1,'2013-03-20 06:25:06','2013-03-20 06:25:06');
/*!40000 ALTER TABLE `process_steps` ENABLE KEYS */;
UNLOCK TABLES;

--
-- Table structure for table `roles`
--

DROP TABLE IF EXISTS `roles`;
/*!40101 SET @saved_cs_client     = @@character_set_client */;
/*!40101 SET character_set_client = utf8 */;
CREATE TABLE `roles` (
  `id` int(11) NOT NULL AUTO_INCREMENT,
  `name` varchar(255) DEFAULT NULL,
  `created_at` datetime NOT NULL,
  `updated_at` datetime NOT NULL,
  PRIMARY KEY (`id`)
) ENGINE=InnoDB AUTO_INCREMENT=3 DEFAULT CHARSET=latin1;
/*!40101 SET character_set_client = @saved_cs_client */;

--
-- Dumping data for table `roles`
--

LOCK TABLES `roles` WRITE;
/*!40000 ALTER TABLE `roles` DISABLE KEYS */;
INSERT INTO `roles` VALUES (1,'admin','2012-09-25 15:19:04','2012-09-25 15:19:04'),(2,'qm','2012-09-29 04:59:06','2012-09-29 04:59:06');
/*!40000 ALTER TABLE `roles` ENABLE KEYS */;
UNLOCK TABLES;

--
-- Table structure for table `roles_in_company`
--

DROP TABLE IF EXISTS `roles_in_company`;
/*!40101 SET @saved_cs_client     = @@character_set_client */;
/*!40101 SET character_set_client = utf8 */;
CREATE TABLE `roles_in_company` (
  `id` int(11) NOT NULL AUTO_INCREMENT,
  `name` varchar(255) DEFAULT NULL,
  `company_id` int(11) DEFAULT NULL,
  `created_at` datetime NOT NULL,
  `updated_at` datetime NOT NULL,
  `description` text,
  PRIMARY KEY (`id`)
) ENGINE=InnoDB AUTO_INCREMENT=5 DEFAULT CHARSET=latin1;
/*!40101 SET character_set_client = @saved_cs_client */;

--
-- Dumping data for table `roles_in_company`
--

LOCK TABLES `roles_in_company` WRITE;
/*!40000 ALTER TABLE `roles_in_company` DISABLE KEYS */;
INSERT INTO `roles_in_company` VALUES (1,'Oberchecker',3,'2012-09-27 07:54:53','2012-10-02 09:48:32','_Er ist der Oberchecker._'),(2,'Schöberl',3,'2012-09-27 08:04:23','2012-09-27 08:04:23','Befugnisse KEINE\r\nZuständig für EH ALLES'),(3,'Mentor',1,'2012-10-04 05:19:22','2012-10-04 05:19:22','Ein Mentor ist eine erfahrene Person im Unternehmen, die neue Mitarbeiter in der Einschulung begleitet. Der Mentor muss nicht alle Einschulungen selbst vornehmen, ist jedoch für die dauer der Einschulung der unmittelbare Ansprechpartner für den neuen Mitarbeiter.'),(4,'Ersthelfer',1,'2012-10-04 16:47:13','2012-10-04 16:47:13','');
/*!40000 ALTER TABLE `roles_in_company` ENABLE KEYS */;
UNLOCK TABLES;

--
-- Table structure for table `schema_migrations`
--

DROP TABLE IF EXISTS `schema_migrations`;
/*!40101 SET @saved_cs_client     = @@character_set_client */;
/*!40101 SET character_set_client = utf8 */;
CREATE TABLE `schema_migrations` (
  `version` varchar(255) NOT NULL,
  UNIQUE KEY `unique_schema_migrations` (`version`)
) ENGINE=InnoDB DEFAULT CHARSET=latin1;
/*!40101 SET character_set_client = @saved_cs_client */;

--
-- Dumping data for table `schema_migrations`
--

LOCK TABLES `schema_migrations` WRITE;
/*!40000 ALTER TABLE `schema_migrations` DISABLE KEYS */;
INSERT INTO `schema_migrations` VALUES ('20120906123055'),('20120918120909'),('20120918121010'),('20120926065528'),('20120926073801'),('20120926074751'),('20120926075141'),('20120926075233'),('20120926075426'),('20120926080353'),('20120926083405'),('20120926084026'),('20120926090227'),('20120926133227'),('20120927055954'),('20120927064529'),('20120927122434'),('20120927122712'),('20120927122813'),('20121001065902'),('20121001073840'),('20121001104533'),('20121001105458'),('20121002095236'),('20121002120412'),('20121002122327'),('20121002131119'),('20121002133813'),('20121003054916'),('20121003062155'),('20121003064056'),('20121003065626'),('20121003190420'),('20121003205620'),('20121004114623'),('20121004120929'),('20121004121421'),('20121009064722'),('20121009065716'),('20121009072346'),('20121010073516'),('20130123143957'),('20130218191958'),('20130219131131'),('20130219131340'),('20130219132936'),('20130220075413'),('20130220092000'),('20130303085809'),('20130303150143'),('20130309071603'),('20130309182440'),('20130606142900'),('20130606143000'),('20130607064142');
/*!40000 ALTER TABLE `schema_migrations` ENABLE KEYS */;
UNLOCK TABLES;

--
-- Table structure for table `sequence_flows`
--

DROP TABLE IF EXISTS `sequence_flows`;
/*!40101 SET @saved_cs_client     = @@character_set_client */;
/*!40101 SET character_set_client = utf8 */;
CREATE TABLE `sequence_flows` (
  `id` int(11) NOT NULL AUTO_INCREMENT,
  `name` varchar(255) DEFAULT NULL,
  `source_id` int(11) DEFAULT NULL,
  `target_id` int(11) DEFAULT NULL,
  `flow_object_id` int(11) DEFAULT NULL,
  `created_at` datetime NOT NULL,
  `updated_at` datetime NOT NULL,
  `company_id` int(11) DEFAULT NULL,
  PRIMARY KEY (`id`)
) ENGINE=InnoDB AUTO_INCREMENT=18 DEFAULT CHARSET=latin1;
/*!40101 SET character_set_client = @saved_cs_client */;

--
-- Dumping data for table `sequence_flows`
--

LOCK TABLES `sequence_flows` WRITE;
/*!40000 ALTER TABLE `sequence_flows` DISABLE KEYS */;
INSERT INTO `sequence_flows` VALUES (5,'Beauftragung_Kontaktaufnahme',6,7,4,'2013-02-20 12:33:54','2013-02-20 12:33:54',3),(7,'Machbarkeitsprüfung',7,4,4,'2013-03-18 07:35:19','2013-03-18 07:35:19',3),(8,'Angebot legen',7,5,4,'2013-03-18 07:36:19','2013-03-18 07:36:19',3),(9,'',8,9,4,'2013-03-20 06:25:25','2013-03-20 06:25:25',3),(10,'',9,10,4,'2013-03-20 06:25:45','2013-03-20 06:25:45',3),(11,'ja',10,11,4,'2013-03-20 06:26:06','2013-03-20 06:26:06',3),(12,'nein',10,8,4,'2013-03-20 06:26:26','2013-03-20 06:26:26',3),(13,'',11,12,4,'2013-03-20 06:27:00','2013-03-20 06:27:00',3),(14,'ja',12,13,4,'2013-03-20 06:27:23','2013-03-20 06:27:23',3),(15,'nein',12,14,4,'2013-03-20 06:27:48','2013-03-20 06:27:48',3),(16,'',13,15,4,'2013-03-20 06:28:11','2013-03-20 06:28:11',3),(17,'',14,15,4,'2013-03-20 06:28:27','2013-03-20 06:28:27',3);
/*!40000 ALTER TABLE `sequence_flows` ENABLE KEYS */;
UNLOCK TABLES;

--
-- Table structure for table `substitutions`
--

DROP TABLE IF EXISTS `substitutions`;
/*!40101 SET @saved_cs_client     = @@character_set_client */;
/*!40101 SET character_set_client = utf8 */;
CREATE TABLE `substitutions` (
  `id` int(11) NOT NULL AUTO_INCREMENT,
  `user_id` int(11) DEFAULT NULL,
  `deputy_id` int(11) DEFAULT NULL,
  `created_at` datetime NOT NULL,
  `updated_at` datetime NOT NULL,
  `company_id` int(11) DEFAULT NULL,
  PRIMARY KEY (`id`)
) ENGINE=InnoDB AUTO_INCREMENT=17 DEFAULT CHARSET=latin1;
/*!40101 SET character_set_client = @saved_cs_client */;

--
-- Dumping data for table `substitutions`
--

LOCK TABLES `substitutions` WRITE;
/*!40000 ALTER TABLE `substitutions` DISABLE KEYS */;
INSERT INTO `substitutions` VALUES (4,4,2,'2012-09-27 06:57:57','2013-02-20 13:46:33',3),(9,2,3,'2012-09-27 08:09:41','2012-10-02 07:52:16',3),(12,8,9,'2012-10-04 13:48:51','2012-10-04 13:48:51',1),(13,9,8,'2012-10-04 15:18:15','2012-10-04 15:18:15',1),(14,9,18,'2012-10-04 15:18:35','2012-10-04 15:18:35',1),(15,19,21,'2012-10-04 15:57:31','2012-10-04 15:57:31',1),(16,19,9,'2012-10-04 15:58:05','2012-10-04 15:58:05',1);
/*!40000 ALTER TABLE `substitutions` ENABLE KEYS */;
UNLOCK TABLES;

--
-- Table structure for table `user_function_assignments`
--

DROP TABLE IF EXISTS `user_function_assignments`;
/*!40101 SET @saved_cs_client     = @@character_set_client */;
/*!40101 SET character_set_client = utf8 */;
CREATE TABLE `user_function_assignments` (
  `id` int(11) NOT NULL AUTO_INCREMENT,
  `user_id` int(11) DEFAULT NULL,
  `function_id` int(11) DEFAULT NULL,
  `created_at` datetime NOT NULL,
  `updated_at` datetime NOT NULL,
  `company_id` int(11) DEFAULT NULL,
  PRIMARY KEY (`id`)
) ENGINE=InnoDB AUTO_INCREMENT=28 DEFAULT CHARSET=latin1;
/*!40101 SET character_set_client = @saved_cs_client */;

--
-- Dumping data for table `user_function_assignments`
--

LOCK TABLES `user_function_assignments` WRITE;
/*!40000 ALTER TABLE `user_function_assignments` DISABLE KEYS */;
INSERT INTO `user_function_assignments` VALUES (1,3,5,'2012-09-27 12:50:20','2012-10-02 06:50:24',3),(2,2,1,'2012-09-27 13:29:58','2012-10-02 06:50:35',3),(3,3,4,'2012-09-27 13:30:11','2012-10-02 06:50:41',3),(4,3,2,'2012-09-27 13:30:22','2012-10-02 06:50:45',3),(5,2,3,'2012-09-27 13:30:41','2012-10-02 06:50:49',3),(7,2,6,'2012-09-27 13:30:53','2012-10-02 06:50:53',3),(8,1,7,'2012-09-28 07:32:22','2012-10-02 06:51:44',2),(10,11,7,'2012-10-04 06:06:40','2012-10-04 11:17:03',2),(15,8,8,'2012-10-04 14:50:22','2012-10-04 14:50:22',1),(16,8,21,'2012-10-04 14:50:37','2012-10-04 14:50:37',1),(17,9,9,'2012-10-04 14:50:53','2012-10-04 14:50:53',1),(18,18,15,'2012-10-04 14:51:13','2012-10-04 14:51:13',1),(19,18,17,'2012-10-04 14:51:23','2012-10-04 14:51:23',1),(20,19,20,'2012-10-04 14:51:35','2012-10-04 14:51:35',1),(21,19,16,'2012-10-04 14:51:49','2012-10-04 14:51:49',1),(22,21,19,'2012-10-04 14:58:04','2012-10-04 14:58:04',1),(23,23,12,'2012-10-04 14:58:25','2012-10-04 14:58:25',1),(24,22,13,'2012-10-04 14:58:35','2012-10-04 14:58:35',1),(25,25,14,'2012-10-04 14:59:54','2012-10-04 14:59:54',1),(26,20,18,'2012-10-04 15:00:13','2012-10-04 15:00:13',1),(27,24,11,'2012-10-04 15:01:06','2012-10-04 15:01:06',1);
/*!40000 ALTER TABLE `user_function_assignments` ENABLE KEYS */;
UNLOCK TABLES;

--
-- Table structure for table `user_role_in_company_assignments`
--

DROP TABLE IF EXISTS `user_role_in_company_assignments`;
/*!40101 SET @saved_cs_client     = @@character_set_client */;
/*!40101 SET character_set_client = utf8 */;
CREATE TABLE `user_role_in_company_assignments` (
  `id` int(11) NOT NULL AUTO_INCREMENT,
  `user_id` int(11) DEFAULT NULL,
  `role_in_company_id` int(11) DEFAULT NULL,
  `created_at` datetime NOT NULL,
  `updated_at` datetime NOT NULL,
  `company_id` int(11) DEFAULT NULL,
  PRIMARY KEY (`id`)
) ENGINE=InnoDB AUTO_INCREMENT=7 DEFAULT CHARSET=latin1;
/*!40101 SET character_set_client = @saved_cs_client */;

--
-- Dumping data for table `user_role_in_company_assignments`
--

LOCK TABLES `user_role_in_company_assignments` WRITE;
/*!40000 ALTER TABLE `user_role_in_company_assignments` DISABLE KEYS */;
INSERT INTO `user_role_in_company_assignments` VALUES (1,2,2,'2012-09-27 12:50:53','2012-10-02 06:52:01',3),(2,2,1,'2012-09-27 12:51:00','2012-10-02 06:52:05',3),(6,20,4,'2012-10-04 16:47:38','2012-10-04 16:47:38',1);
/*!40000 ALTER TABLE `user_role_in_company_assignments` ENABLE KEYS */;
UNLOCK TABLES;

--
-- Table structure for table `users`
--

DROP TABLE IF EXISTS `users`;
/*!40101 SET @saved_cs_client     = @@character_set_client */;
/*!40101 SET character_set_client = utf8 */;
CREATE TABLE `users` (
  `id` int(11) NOT NULL AUTO_INCREMENT,
  `email` varchar(255) NOT NULL DEFAULT '',
  `encrypted_password` varchar(255) NOT NULL DEFAULT '',
  `reset_password_token` varchar(255) DEFAULT NULL,
  `reset_password_sent_at` datetime DEFAULT NULL,
  `remember_created_at` datetime DEFAULT NULL,
  `sign_in_count` int(11) DEFAULT '0',
  `current_sign_in_at` datetime DEFAULT NULL,
  `last_sign_in_at` datetime DEFAULT NULL,
  `current_sign_in_ip` varchar(255) DEFAULT NULL,
  `last_sign_in_ip` varchar(255) DEFAULT NULL,
  `password_salt` varchar(255) DEFAULT NULL,
  `created_at` datetime NOT NULL,
  `updated_at` datetime NOT NULL,
  `firstname` varchar(255) DEFAULT NULL,
  `lastname` varchar(255) DEFAULT NULL,
  `parent_id` int(11) DEFAULT NULL,
  `ancestry` varchar(255) DEFAULT NULL,
  PRIMARY KEY (`id`),
  UNIQUE KEY `index_users_on_email` (`email`),
  UNIQUE KEY `index_users_on_reset_password_token` (`reset_password_token`),
  KEY `index_users_on_ancestry` (`ancestry`)
) ENGINE=InnoDB AUTO_INCREMENT=31 DEFAULT CHARSET=latin1;
/*!40101 SET character_set_client = @saved_cs_client */;

--
-- Dumping data for table `users`
--

LOCK TABLES `users` WRITE;
/*!40000 ALTER TABLE `users` DISABLE KEYS */;
INSERT INTO `users` VALUES (1,'stefan.haslinger@mittenin.at','$2a$10$3L45lBdKevWJbdMB67Ll6eMfPkb5xJoge9zcDZDkd7c0AR67DDstC',NULL,NULL,'2013-06-06 11:46:56',103,'2013-06-07 08:31:04','2013-06-06 11:46:56','91.115.173.47','194.166.108.229',NULL,'2012-09-13 08:32:15','2013-06-07 08:31:04','Stefan','Testsystem (admin)',NULL,NULL),(2,'walter.kalcher@chello.at','$2a$10$zTWKfyGh91M7CoILNaH26ObSxMcUCH4gC2HndIKKXS0s/WnentTB.','9WuZQWkKesNtzKUinLpB','2013-01-23 16:59:44',NULL,51,'2013-03-20 06:46:42','2013-03-18 16:57:32','84.114.48.239','84.114.48.239',NULL,'2012-09-18 08:15:20','2013-03-20 06:46:42','Walter','Kalcher',NULL,NULL),(3,'brigitte-kalcher@chello.at','$2a$10$2y1J7icpuxjiRLjyjKYb.uXx1yFvb1KBtLqcRh/oRuJVdqW52PEBK',NULL,NULL,NULL,0,NULL,NULL,NULL,NULL,NULL,'2012-09-27 06:47:56','2012-09-27 06:47:56','Brigitte','Kalcher',NULL,NULL),(4,'diana.kalcher@chello.at','$2a$10$BLkDPQnFppIYjPV7iRyR2uvovfjFCvOAD93adEOCxxbVd8XZGJjHG',NULL,NULL,NULL,0,NULL,NULL,NULL,NULL,NULL,'2012-09-27 06:57:57','2012-09-27 13:07:12','Diana','Kalcher',NULL,NULL),(7,'qm@qm.com','$2a$10$535Q5UY2mhwSxRyAegIR2edcw7IflZkDpxPet1pm1eI.C3hdOSA2m',NULL,NULL,NULL,11,'2012-10-03 14:10:13','2012-10-03 13:06:40','178.191.174.238','178.191.174.238',NULL,'2012-10-02 06:48:13','2012-10-03 14:10:13','Quality','Manager',NULL,'1'),(8,'e.mogg@mc-components.at','$2a$10$mvzKW7GM.3l4yGi8UF/TjeHRAXttn0.Dxy6brQddv0kRVm6r3oTDW',NULL,NULL,NULL,33,'2013-02-07 15:08:51','2012-10-25 08:53:29','78.142.123.51','93.83.3.226',NULL,'2012-10-03 14:11:45','2013-02-07 15:08:52','Ewald','Mogg',NULL,NULL),(9,'s.tichy@mc-components.at','$2a$10$65/vOWXWAgEi.NouALjEm.4DkFnfzOJ1rkV1kzKPLgMy4TCins01W',NULL,NULL,NULL,0,NULL,NULL,NULL,NULL,NULL,'2012-10-04 05:13:38','2012-10-04 05:13:38','Susanne','Tichy',NULL,'8'),(11,'e.mogg@chello.at','$2a$10$z5aTnArDWCpZLWBAAtMphuiSJk2.Kf8FkImjD.nM82YyqFubb6yzy',NULL,NULL,NULL,0,NULL,NULL,NULL,NULL,NULL,'2012-10-04 06:03:47','2012-10-04 11:17:03','Ewald','Mogg',NULL,NULL),(18,'e.zich@mc-components.at','$2a$10$qiA5dlG4aZH5l/UE7T393emuhRmzgdz9FYv8qdTiZq/yIbQ2YFR.K',NULL,NULL,NULL,0,NULL,NULL,NULL,NULL,NULL,'2012-10-04 13:50:38','2012-10-04 13:50:38','Edith','Zich',NULL,'8/9'),(19,'g.szekfü@mc-components.at','$2a$10$ac96ddapGKCk/pxJdBDyJOeKpUlbvW7NKuqakZLuB70Ts3ZdAiSTO',NULL,NULL,NULL,0,NULL,NULL,NULL,NULL,NULL,'2012-10-04 13:51:24','2012-10-04 13:51:24','Gerald','Szekfü',NULL,'8/9'),(20,'m.fallmann@mc-components.at','$2a$10$YHf1x7Adk5rsYKbiJhR.R.1MqvHcWi2vlMeJUtq4pbX8P3Zq8oFWa',NULL,NULL,NULL,0,NULL,NULL,NULL,NULL,NULL,'2012-10-04 14:53:53','2012-10-04 14:53:53','Maria','Fallmann',NULL,'8/9/18'),(21,'g.wersching@mc-components.at','$2a$10$Qm3MVK6v9vFOq0ltnApy4.egTfuaCm0vFDJ252oO/akEvtt8JhpLa',NULL,NULL,NULL,0,NULL,NULL,NULL,NULL,NULL,'2012-10-04 14:54:36','2012-10-04 14:54:36','Gerald','Wersching',NULL,'8/9/19'),(22,'r.resch@mc-components.at','$2a$10$fKZYtv0iDCBM2hRvelKNHuxpkgyN5VA4GvAsLSSPJMlQbsvVEaZXG',NULL,NULL,NULL,0,NULL,NULL,NULL,NULL,NULL,'2012-10-04 14:55:12','2012-10-04 14:55:12','Regina','Resch',NULL,'8'),(23,'e.fekete@mc-components.at','$2a$10$aJp96LAVVahD4axwioezYeMJI.Ki/CSM0bX48qCT.6JoicPEWkKeW',NULL,NULL,NULL,0,NULL,NULL,NULL,NULL,NULL,'2012-10-04 14:56:30','2012-10-04 14:56:30','Eveline','Fekete',NULL,'8/9/18/20'),(24,'g.hautz@mc-components.at','$2a$10$al82L4bs9aZPqqIJLd1ky.KEJcTAfeq4eSt0lOGSlMeXYhAUNr6QG',NULL,NULL,NULL,0,NULL,NULL,NULL,NULL,NULL,'2012-10-04 14:57:20','2012-10-04 14:57:20','Günter','Hautz',NULL,'8'),(25,'buchhaltung@mc-components.at','$2a$10$xcJ1iE/iEzPLqgpeH/YqwexHO/v5VGeI7muFpoQgvnEQssC2SRR6m',NULL,NULL,NULL,0,NULL,NULL,NULL,NULL,NULL,'2012-10-04 14:59:39','2012-10-04 14:59:39','Ingrid','Brezovstky',NULL,'8'),(26,'michael.stranka@mittenin.at','$2a$10$c17RUaECH4rinMbWZA2T2uM4t3ZUUwWGbq5e8NOmnpguwLw67aniu',NULL,NULL,NULL,2,'2013-03-18 06:31:15','2012-10-13 15:48:59','77.117.247.46','77.117.246.145',NULL,'2012-10-12 16:31:01','2013-03-18 06:31:15','Michael','Stranka',NULL,'1'),(27,'sonja@waldgruber.at','$2a$10$rgN0IPlHqgDwgURAZdB6EOICOveZgb1vUYNC3FptDTBGDjY44Pg0q',NULL,NULL,NULL,2,'2013-02-19 15:12:47','2013-02-19 15:06:47','91.115.173.188','91.115.173.188',NULL,'2013-02-19 15:06:14','2013-02-19 15:12:47','Sonja','Waldgruber',NULL,NULL),(28,'stefan.haslinger@informatom.com','$2a$10$.DaXkEArDALcypOCkq4RAeIpfvNSIiqNIancJOSCO9xgmJ4eOqtp2',NULL,NULL,NULL,6,'2013-03-03 10:27:35','2013-03-02 14:05:42','178.191.183.228','178.190.47.146',NULL,'2013-02-20 13:54:16','2013-03-03 10:27:35','Stefan','Testsystem (QM)',NULL,NULL),(30,'orlik@orlik.at','$2a$10$WvhZ7ngHAke3oKK22twe7.3dyBacx.JIrvJ9r7ubdBblZ8dMHvS6G',NULL,NULL,NULL,0,NULL,NULL,NULL,NULL,NULL,'2013-02-24 16:33:24','2013-02-24 16:33:24','Wolfgang A.','Orlik',NULL,NULL);
/*!40000 ALTER TABLE `users` ENABLE KEYS */;
UNLOCK TABLES;

--
-- Table structure for table `versions`
--

DROP TABLE IF EXISTS `versions`;
/*!40101 SET @saved_cs_client     = @@character_set_client */;
/*!40101 SET character_set_client = utf8 */;
CREATE TABLE `versions` (
  `id` int(11) NOT NULL AUTO_INCREMENT,
  `item_type` varchar(255) NOT NULL,
  `item_id` int(11) NOT NULL,
  `event` varchar(255) NOT NULL,
  `whodunnit` varchar(255) DEFAULT NULL,
  `object` text,
  `created_at` datetime DEFAULT NULL,
  `object_changes` text,
  PRIMARY KEY (`id`),
  KEY `index_versions_on_item_type_and_item_id` (`item_type`,`item_id`)
) ENGINE=InnoDB AUTO_INCREMENT=239 DEFAULT CHARSET=latin1;
/*!40101 SET character_set_client = @saved_cs_client */;

--
-- Dumping data for table `versions`
--

LOCK TABLES `versions` WRITE;
/*!40000 ALTER TABLE `versions` DISABLE KEYS */;
INSERT INTO `versions` VALUES (1,'User',1,'update',NULL,'--- \nemail: stefan.haslinger@mittenin.at\nencrypted_password: $2a$10$g1ptSm60MOGxIdzCZLvCCu5qNAEycum7uPlDyTQmgc12ULnrHPJzy\nreset_password_token: xBE7fZ9Q9rwPapvbjYpr\nreset_password_sent_at: 2012-10-04 11:28:01 Z\nremember_created_at: \nsign_in_count: 30\ncurrent_sign_in_at: 2012-10-08 16:05:10 Z\nlast_sign_in_at: 2012-10-08 14:54:28 Z\ncurrent_sign_in_ip: 178.190.236.198\nlast_sign_in_ip: 127.0.0.1\npassword_salt: \ncreated_at: 2012-09-13 08:32:15 Z\nupdated_at: 2012-10-08 16:05:20 Z\nfirstname: Stefan\nlastname: Haslinger am Testsystem\nparent_id: \nancestry: \nid: 1\n','2012-10-09 09:13:47','--- !map:ActiveSupport::HashWithIndifferentAccess \nremember_created_at: \n- \n- 2012-10-09 09:13:47.177728 Z\n'),(2,'User',1,'update',NULL,'--- \nemail: stefan.haslinger@mittenin.at\nencrypted_password: $2a$10$g1ptSm60MOGxIdzCZLvCCu5qNAEycum7uPlDyTQmgc12ULnrHPJzy\nreset_password_token: xBE7fZ9Q9rwPapvbjYpr\nreset_password_sent_at: 2012-10-04 11:28:01 Z\nremember_created_at: 2012-10-09 09:13:47.177728 Z\nsign_in_count: 30\ncurrent_sign_in_at: 2012-10-08 16:05:10 Z\nlast_sign_in_at: 2012-10-08 14:54:28 Z\ncurrent_sign_in_ip: 178.190.236.198\nlast_sign_in_ip: 127.0.0.1\npassword_salt: \ncreated_at: 2012-09-13 08:32:15 Z\nupdated_at: 2012-10-09 09:13:47.428343 Z\nfirstname: Stefan\nlastname: Haslinger am Testsystem\nparent_id: \nancestry: \nid: 1\n','2012-10-09 09:13:47','--- !map:ActiveSupport::HashWithIndifferentAccess \nlast_sign_in_at: \n- 2012-10-08 14:54:28 Z\n- &id001 2012-10-08 16:05:10 Z\ncurrent_sign_in_at: \n- *id001\n- 2012-10-09 09:13:47.589553 Z\nlast_sign_in_ip: \n- 127.0.0.1\n- 178.190.236.198\ncurrent_sign_in_ip: \n- 178.190.236.198\n- 178.191.171.105\nsign_in_count: \n- 30\n- 31\n'),(3,'User',1,'update','1','--- \nemail: stefan.haslinger@mittenin.at\nencrypted_password: $2a$10$g1ptSm60MOGxIdzCZLvCCu5qNAEycum7uPlDyTQmgc12ULnrHPJzy\nreset_password_token: xBE7fZ9Q9rwPapvbjYpr\nreset_password_sent_at: 2012-10-04 11:28:01 Z\nremember_created_at: 2012-10-09 09:13:47 Z\nsign_in_count: 31\ncurrent_sign_in_at: 2012-10-09 09:13:47 Z\nlast_sign_in_at: 2012-10-08 16:05:10 Z\ncurrent_sign_in_ip: 178.191.171.105\nlast_sign_in_ip: 178.190.236.198\npassword_salt: \ncreated_at: 2012-09-13 08:32:15 Z\nupdated_at: 2012-10-09 09:13:47 Z\nfirstname: Stefan\nlastname: Haslinger am Testsystem\nparent_id: \nancestry: \nid: 1\n','2012-10-09 09:22:35','--- !map:ActiveSupport::HashWithIndifferentAccess \nlastname: \n- Haslinger am Testsystem\n- Testsystem\n'),(4,'User',2,'update',NULL,'--- \nemail: walter.kalcher@chello.at\nencrypted_password: $2a$10$I0KRGsb7UvIwM8LXEvJlYeU5vxCUetSL.UkAJ/s39Ek4X/R0pQiRW\nreset_password_token: nzEKyBBFKJqwtLKaZSsx\nreset_password_sent_at: 2012-10-04 06:59:02 Z\nremember_created_at: \nsign_in_count: 24\ncurrent_sign_in_at: 2012-10-07 07:30:57 Z\nlast_sign_in_at: 2012-10-06 08:35:56 Z\ncurrent_sign_in_ip: 84.114.48.239\nlast_sign_in_ip: 84.114.48.239\npassword_salt: \ncreated_at: 2012-09-18 08:15:20 Z\nupdated_at: 2012-10-07 07:30:57 Z\nfirstname: Walter\nlastname: Kalcher\nparent_id: \nancestry: \nid: 2\n','2012-10-09 09:52:36','--- !map:ActiveSupport::HashWithIndifferentAccess \nlast_sign_in_at: \n- 2012-10-06 08:35:56 Z\n- &id001 2012-10-07 07:30:57 Z\ncurrent_sign_in_at: \n- *id001\n- 2012-10-09 09:52:36.419305 Z\ncurrent_sign_in_ip: \n- 84.114.48.239\n- 194.48.185.35\nsign_in_count: \n- 24\n- 25\n'),(5,'User',1,'update',NULL,'--- \nemail: stefan.haslinger@mittenin.at\nencrypted_password: $2a$10$g1ptSm60MOGxIdzCZLvCCu5qNAEycum7uPlDyTQmgc12ULnrHPJzy\nreset_password_token: xBE7fZ9Q9rwPapvbjYpr\nreset_password_sent_at: 2012-10-04 11:28:01 Z\nremember_created_at: 2012-10-09 09:13:47 Z\nsign_in_count: 31\ncurrent_sign_in_at: 2012-10-09 09:13:47 Z\nlast_sign_in_at: 2012-10-08 16:05:10 Z\ncurrent_sign_in_ip: 178.191.171.105\nlast_sign_in_ip: 178.190.236.198\npassword_salt: \ncreated_at: 2012-09-13 08:32:15 Z\nupdated_at: 2012-10-09 09:22:35 Z\nfirstname: Stefan\nlastname: Testsystem\nparent_id: \nancestry: \nid: 1\n','2012-10-09 21:52:31','--- !map:ActiveSupport::HashWithIndifferentAccess \nlast_sign_in_at: \n- 2012-10-08 16:05:10 Z\n- &id001 2012-10-09 09:13:47 Z\ncurrent_sign_in_at: \n- *id001\n- 2012-10-09 21:52:31.230805 Z\nlast_sign_in_ip: \n- 178.190.236.198\n- 178.191.171.105\ncurrent_sign_in_ip: \n- 178.191.171.105\n- 178.191.173.171\nsign_in_count: \n- 31\n- 32\n'),(6,'User',1,'update',NULL,'--- \nemail: stefan.haslinger@mittenin.at\nencrypted_password: $2a$10$g1ptSm60MOGxIdzCZLvCCu5qNAEycum7uPlDyTQmgc12ULnrHPJzy\nreset_password_token: xBE7fZ9Q9rwPapvbjYpr\nreset_password_sent_at: 2012-10-04 11:28:01 Z\nremember_created_at: 2012-10-09 09:13:47 Z\nsign_in_count: 32\ncurrent_sign_in_at: 2012-10-09 21:52:31 Z\nlast_sign_in_at: 2012-10-09 09:13:47 Z\ncurrent_sign_in_ip: 178.191.173.171\nlast_sign_in_ip: 178.191.171.105\npassword_salt: \ncreated_at: 2012-09-13 08:32:15 Z\nupdated_at: 2012-10-09 21:52:31 Z\nfirstname: Stefan\nlastname: Testsystem\nparent_id: \nancestry: \nid: 1\n','2012-10-10 07:13:03','--- !map:ActiveSupport::HashWithIndifferentAccess \nlast_sign_in_at: \n- 2012-10-09 09:13:47 Z\n- &id001 2012-10-09 21:52:31 Z\ncurrent_sign_in_at: \n- *id001\n- 2012-10-10 07:13:02.713155 Z\nlast_sign_in_ip: \n- 178.191.171.105\n- 178.191.173.171\nsign_in_count: \n- 32\n- 33\n'),(7,'User',1,'update',NULL,'--- \nemail: stefan.haslinger@mittenin.at\nencrypted_password: $2a$10$g1ptSm60MOGxIdzCZLvCCu5qNAEycum7uPlDyTQmgc12ULnrHPJzy\nreset_password_token: xBE7fZ9Q9rwPapvbjYpr\nreset_password_sent_at: 2012-10-04 11:28:01 Z\nremember_created_at: 2012-10-09 09:13:47 Z\nsign_in_count: 33\ncurrent_sign_in_at: 2012-10-10 07:13:02 Z\nlast_sign_in_at: 2012-10-09 21:52:31 Z\ncurrent_sign_in_ip: 178.191.173.171\nlast_sign_in_ip: 178.191.173.171\npassword_salt: \ncreated_at: 2012-09-13 08:32:15 Z\nupdated_at: 2012-10-10 07:13:02 Z\nfirstname: Stefan\nlastname: Testsystem\nparent_id: \nancestry: \nid: 1\n','2012-10-10 08:01:10','--- !map:ActiveSupport::HashWithIndifferentAccess \nlast_sign_in_at: \n- 2012-10-09 21:52:31 Z\n- &id001 2012-10-10 07:13:02 Z\ncurrent_sign_in_at: \n- *id001\n- 2012-10-10 08:01:10.650244 Z\nsign_in_count: \n- 33\n- 34\n'),(8,'User',1,'update',NULL,'--- \nemail: stefan.haslinger@mittenin.at\nencrypted_password: $2a$10$g1ptSm60MOGxIdzCZLvCCu5qNAEycum7uPlDyTQmgc12ULnrHPJzy\nreset_password_token: xBE7fZ9Q9rwPapvbjYpr\nreset_password_sent_at: 2012-10-04 11:28:01 Z\nremember_created_at: 2012-10-09 09:13:47 Z\nsign_in_count: 34\ncurrent_sign_in_at: 2012-10-10 08:01:10 Z\nlast_sign_in_at: 2012-10-10 07:13:02 Z\ncurrent_sign_in_ip: 178.191.173.171\nlast_sign_in_ip: 178.191.173.171\npassword_salt: \ncreated_at: 2012-09-13 08:32:15 Z\nupdated_at: 2012-10-10 08:01:10 Z\nfirstname: Stefan\nlastname: Testsystem\nparent_id: \nancestry: \nid: 1\n','2012-10-10 08:01:22','--- !map:ActiveSupport::HashWithIndifferentAccess \nlast_sign_in_at: \n- 2012-10-10 07:13:02 Z\n- &id001 2012-10-10 08:01:10 Z\ncurrent_sign_in_at: \n- *id001\n- 2012-10-10 08:01:22.754724 Z\nsign_in_count: \n- 34\n- 35\n'),(9,'User',1,'update',NULL,'--- \nemail: stefan.haslinger@mittenin.at\nencrypted_password: $2a$10$g1ptSm60MOGxIdzCZLvCCu5qNAEycum7uPlDyTQmgc12ULnrHPJzy\nreset_password_token: xBE7fZ9Q9rwPapvbjYpr\nreset_password_sent_at: 2012-10-04 11:28:01 Z\nremember_created_at: 2012-10-09 09:13:47 Z\nsign_in_count: 35\ncurrent_sign_in_at: 2012-10-10 08:01:22 Z\nlast_sign_in_at: 2012-10-10 08:01:10 Z\ncurrent_sign_in_ip: 178.191.173.171\nlast_sign_in_ip: 178.191.173.171\npassword_salt: \ncreated_at: 2012-09-13 08:32:15 Z\nupdated_at: 2012-10-10 08:01:22 Z\nfirstname: Stefan\nlastname: Testsystem\nparent_id: \nancestry: \nid: 1\n','2012-10-10 08:01:38','--- !map:ActiveSupport::HashWithIndifferentAccess \nlast_sign_in_at: \n- 2012-10-10 08:01:10 Z\n- &id001 2012-10-10 08:01:22 Z\ncurrent_sign_in_at: \n- *id001\n- 2012-10-10 08:01:38.518894 Z\nsign_in_count: \n- 35\n- 36\n'),(10,'User',1,'update','1','--- \nemail: stefan.haslinger@mittenin.at\nencrypted_password: $2a$10$g1ptSm60MOGxIdzCZLvCCu5qNAEycum7uPlDyTQmgc12ULnrHPJzy\nreset_password_token: xBE7fZ9Q9rwPapvbjYpr\nreset_password_sent_at: 2012-10-04 11:28:01 Z\nremember_created_at: 2012-10-09 09:13:47 Z\nsign_in_count: 36\ncurrent_sign_in_at: 2012-10-10 08:01:38 Z\nlast_sign_in_at: 2012-10-10 08:01:22 Z\ncurrent_sign_in_ip: 178.191.173.171\nlast_sign_in_ip: 178.191.173.171\npassword_salt: \ncreated_at: 2012-09-13 08:32:15 Z\nupdated_at: 2012-10-10 08:01:38 Z\nfirstname: Stefan\nlastname: Testsystem\nparent_id: \nancestry: \nid: 1\n','2012-10-10 08:01:53','--- !map:ActiveSupport::HashWithIndifferentAccess \nremember_created_at: \n- 2012-10-09 09:13:47 Z\n- \n'),(11,'User',1,'update',NULL,'--- \nemail: stefan.haslinger@mittenin.at\nencrypted_password: $2a$10$g1ptSm60MOGxIdzCZLvCCu5qNAEycum7uPlDyTQmgc12ULnrHPJzy\nreset_password_token: xBE7fZ9Q9rwPapvbjYpr\nreset_password_sent_at: 2012-10-04 11:28:01 Z\nremember_created_at: \nsign_in_count: 36\ncurrent_sign_in_at: 2012-10-10 08:01:38 Z\nlast_sign_in_at: 2012-10-10 08:01:22 Z\ncurrent_sign_in_ip: 178.191.173.171\nlast_sign_in_ip: 178.191.173.171\npassword_salt: \ncreated_at: 2012-09-13 08:32:15 Z\nupdated_at: 2012-10-10 08:01:53 Z\nfirstname: Stefan\nlastname: Testsystem\nparent_id: \nancestry: \nid: 1\n','2012-10-10 08:01:58','--- !map:ActiveSupport::HashWithIndifferentAccess \nlast_sign_in_at: \n- 2012-10-10 08:01:22 Z\n- &id001 2012-10-10 08:01:38 Z\ncurrent_sign_in_at: \n- *id001\n- 2012-10-10 08:01:58.159103 Z\nsign_in_count: \n- 36\n- 37\n'),(12,'User',1,'update',NULL,'--- \nemail: stefan.haslinger@mittenin.at\nencrypted_password: $2a$10$g1ptSm60MOGxIdzCZLvCCu5qNAEycum7uPlDyTQmgc12ULnrHPJzy\nreset_password_token: xBE7fZ9Q9rwPapvbjYpr\nreset_password_sent_at: 2012-10-04 11:28:01 Z\nremember_created_at: \nsign_in_count: 37\ncurrent_sign_in_at: 2012-10-10 08:01:58 Z\nlast_sign_in_at: 2012-10-10 08:01:38 Z\ncurrent_sign_in_ip: 178.191.173.171\nlast_sign_in_ip: 178.191.173.171\npassword_salt: \ncreated_at: 2012-09-13 08:32:15 Z\nupdated_at: 2012-10-10 08:01:58 Z\nfirstname: Stefan\nlastname: Testsystem\nparent_id: \nancestry: \nid: 1\n','2012-10-11 09:42:09','--- !map:ActiveSupport::HashWithIndifferentAccess \nlast_sign_in_at: \n- 2012-10-10 08:01:38 Z\n- &id001 2012-10-10 08:01:58 Z\ncurrent_sign_in_at: \n- *id001\n- 2012-10-11 09:42:09.946864 Z\ncurrent_sign_in_ip: \n- 178.191.173.171\n- 91.115.175.114\nsign_in_count: \n- 37\n- 38\n'),(13,'User',1,'update',NULL,'--- \nemail: stefan.haslinger@mittenin.at\nencrypted_password: $2a$10$g1ptSm60MOGxIdzCZLvCCu5qNAEycum7uPlDyTQmgc12ULnrHPJzy\nreset_password_token: xBE7fZ9Q9rwPapvbjYpr\nreset_password_sent_at: 2012-10-04 11:28:01 Z\nremember_created_at: \nsign_in_count: 38\ncurrent_sign_in_at: 2012-10-11 09:42:09 Z\nlast_sign_in_at: 2012-10-10 08:01:58 Z\ncurrent_sign_in_ip: 91.115.175.114\nlast_sign_in_ip: 178.191.173.171\npassword_salt: \ncreated_at: 2012-09-13 08:32:15 Z\nupdated_at: 2012-10-11 09:42:09 Z\nfirstname: Stefan\nlastname: Testsystem\nparent_id: \nancestry: \nid: 1\n','2012-10-11 14:33:52','--- !map:ActiveSupport::HashWithIndifferentAccess \nlast_sign_in_at: \n- 2012-10-10 08:01:58 Z\n- &id001 2012-10-11 09:42:09 Z\ncurrent_sign_in_at: \n- *id001\n- 2012-10-11 14:33:51.977339 Z\nlast_sign_in_ip: \n- 178.191.173.171\n- 91.115.175.114\nsign_in_count: \n- 38\n- 39\n'),(14,'BusinessProcess',8,'update','1','--- \nname: Angebot\ncompany_id: 3\nparent_id: \nancestry: 7/6\npurpose: Klarstellung der Angebotserstellung\nnumber: \"\"\nowner_id: 2\naims: \"richtige Angebote legen. hohe Auftrahswahrscheinlichkeit herstellen \"\nprocess_class_id: 2\ndescription: \"\"\ncreated_at: 2012-10-04 06:55:24 Z\nupdated_at: 2012-10-04 12:57:16 Z\nx: 325\ny: 300\ncreated_by: \nupdated_by: \narea: \nid: 8\n','2012-10-11 14:37:20','--- !map:ActiveSupport::HashWithIndifferentAccess \nupdated_by: \n- \n- 1\nnumber: \n- \"\"\n- \"123\"\narea: \n- \n- \"G\\xC3\\xBCltigkeitsbereich\"\nowner_id: \n- 2\n- 1\naims: \n- \"richtige Angebote legen. hohe Auftrahswahrscheinlichkeit herstellen \"\n- \"richtige Angebote legen und hohe Auftragswahrscheinlichkeit herstellen \"\n'),(15,'BusinessProcess',8,'update','1','--- \nname: Angebot\ncompany_id: 3\nparent_id: \nancestry: 7/6\npurpose: Klarstellung der Angebotserstellung\nnumber: \"123\"\nowner_id: 1\naims: \"richtige Angebote legen und hohe Auftragswahrscheinlichkeit herstellen \"\nprocess_class_id: 2\ndescription: \"\"\ncreated_at: 2012-10-04 06:55:24 Z\nupdated_at: 2012-10-11 14:37:20 Z\nx: 325\ny: 300\ncreated_by: \nupdated_by: 1\narea: \"G\\xC3\\xBCltigkeitsbereich\"\nid: 8\n','2012-10-11 14:37:27','--- !map:ActiveSupport::HashWithIndifferentAccess \nowner_id: \n- 1\n- 2\n'),(16,'User',2,'update',NULL,'--- \nemail: walter.kalcher@chello.at\nencrypted_password: $2a$10$I0KRGsb7UvIwM8LXEvJlYeU5vxCUetSL.UkAJ/s39Ek4X/R0pQiRW\nreset_password_token: nzEKyBBFKJqwtLKaZSsx\nreset_password_sent_at: 2012-10-04 06:59:02 Z\nremember_created_at: \nsign_in_count: 25\ncurrent_sign_in_at: 2012-10-09 09:52:36 Z\nlast_sign_in_at: 2012-10-07 07:30:57 Z\ncurrent_sign_in_ip: 194.48.185.35\nlast_sign_in_ip: 84.114.48.239\npassword_salt: \ncreated_at: 2012-09-18 08:15:20 Z\nupdated_at: 2012-10-09 09:52:36 Z\nfirstname: Walter\nlastname: Kalcher\nparent_id: \nancestry: \nid: 2\n','2012-10-12 06:33:25','--- !map:ActiveSupport::HashWithIndifferentAccess \nlast_sign_in_at: \n- 2012-10-07 07:30:57 Z\n- &id001 2012-10-09 09:52:36 Z\ncurrent_sign_in_at: \n- *id001\n- 2012-10-12 06:33:25.139811 Z\nlast_sign_in_ip: \n- 84.114.48.239\n- 194.48.185.35\nsign_in_count: \n- 25\n- 26\n'),(17,'User',1,'update',NULL,'--- \nemail: stefan.haslinger@mittenin.at\nencrypted_password: $2a$10$g1ptSm60MOGxIdzCZLvCCu5qNAEycum7uPlDyTQmgc12ULnrHPJzy\nreset_password_token: xBE7fZ9Q9rwPapvbjYpr\nreset_password_sent_at: 2012-10-04 11:28:01 Z\nremember_created_at: \nsign_in_count: 39\ncurrent_sign_in_at: 2012-10-11 14:33:51 Z\nlast_sign_in_at: 2012-10-11 09:42:09 Z\ncurrent_sign_in_ip: 91.115.175.114\nlast_sign_in_ip: 91.115.175.114\npassword_salt: \ncreated_at: 2012-09-13 08:32:15 Z\nupdated_at: 2012-10-11 14:33:52 Z\nfirstname: Stefan\nlastname: Testsystem\nparent_id: \nancestry: \nid: 1\n','2012-10-12 06:38:33','--- !map:ActiveSupport::HashWithIndifferentAccess \nlast_sign_in_at: \n- 2012-10-11 09:42:09 Z\n- &id001 2012-10-11 14:33:51 Z\ncurrent_sign_in_at: \n- *id001\n- 2012-10-12 06:38:32.811629 Z\ncurrent_sign_in_ip: \n- 91.115.175.114\n- 178.191.165.13\nsign_in_count: \n- 39\n- 40\n'),(18,'User',1,'update',NULL,'--- \nemail: stefan.haslinger@mittenin.at\nencrypted_password: $2a$10$g1ptSm60MOGxIdzCZLvCCu5qNAEycum7uPlDyTQmgc12ULnrHPJzy\nreset_password_token: xBE7fZ9Q9rwPapvbjYpr\nreset_password_sent_at: 2012-10-04 11:28:01 Z\nremember_created_at: \nsign_in_count: 40\ncurrent_sign_in_at: 2012-10-12 06:38:32 Z\nlast_sign_in_at: 2012-10-11 14:33:51 Z\ncurrent_sign_in_ip: 178.191.165.13\nlast_sign_in_ip: 91.115.175.114\npassword_salt: \ncreated_at: 2012-09-13 08:32:15 Z\nupdated_at: 2012-10-12 06:38:33 Z\nfirstname: Stefan\nlastname: Testsystem\nparent_id: \nancestry: \nid: 1\n','2012-10-12 06:38:58','--- !map:ActiveSupport::HashWithIndifferentAccess \nlast_sign_in_at: \n- 2012-10-11 14:33:51 Z\n- &id001 2012-10-12 06:38:32 Z\ncurrent_sign_in_at: \n- *id001\n- 2012-10-12 06:38:58.019246 Z\nlast_sign_in_ip: \n- 91.115.175.114\n- 178.191.165.13\nsign_in_count: \n- 40\n- 41\n'),(19,'User',1,'update',NULL,'--- \nemail: stefan.haslinger@mittenin.at\nencrypted_password: $2a$10$g1ptSm60MOGxIdzCZLvCCu5qNAEycum7uPlDyTQmgc12ULnrHPJzy\nreset_password_token: xBE7fZ9Q9rwPapvbjYpr\nreset_password_sent_at: 2012-10-04 11:28:01 Z\nremember_created_at: \nsign_in_count: 41\ncurrent_sign_in_at: 2012-10-12 06:38:58 Z\nlast_sign_in_at: 2012-10-12 06:38:32 Z\ncurrent_sign_in_ip: 178.191.165.13\nlast_sign_in_ip: 178.191.165.13\npassword_salt: \ncreated_at: 2012-09-13 08:32:15 Z\nupdated_at: 2012-10-12 06:38:58 Z\nfirstname: Stefan\nlastname: Testsystem\nparent_id: \nancestry: \nid: 1\n','2012-10-12 08:02:16','--- !map:ActiveSupport::HashWithIndifferentAccess \nlast_sign_in_at: \n- 2012-10-12 06:38:32 Z\n- &id001 2012-10-12 06:38:58 Z\ncurrent_sign_in_at: \n- *id001\n- 2012-10-12 08:02:15.766439 Z\nsign_in_count: \n- 41\n- 42\n'),(20,'User',1,'update',NULL,'--- \nemail: stefan.haslinger@mittenin.at\nencrypted_password: $2a$10$g1ptSm60MOGxIdzCZLvCCu5qNAEycum7uPlDyTQmgc12ULnrHPJzy\nreset_password_token: xBE7fZ9Q9rwPapvbjYpr\nreset_password_sent_at: 2012-10-04 11:28:01 Z\nremember_created_at: \nsign_in_count: 42\ncurrent_sign_in_at: 2012-10-12 08:02:15 Z\nlast_sign_in_at: 2012-10-12 06:38:58 Z\ncurrent_sign_in_ip: 178.191.165.13\nlast_sign_in_ip: 178.191.165.13\npassword_salt: \ncreated_at: 2012-09-13 08:32:15 Z\nupdated_at: 2012-10-12 08:02:16 Z\nfirstname: Stefan\nlastname: Testsystem\nparent_id: \nancestry: \nid: 1\n','2012-10-12 16:30:14','--- !map:ActiveSupport::HashWithIndifferentAccess \nlast_sign_in_at: \n- 2012-10-12 06:38:58 Z\n- &id001 2012-10-12 08:02:15 Z\ncurrent_sign_in_at: \n- *id001\n- 2012-10-12 16:30:14.179896 Z\ncurrent_sign_in_ip: \n- 178.191.165.13\n- 178.191.187.82\nsign_in_count: \n- 42\n- 43\n'),(21,'User',26,'create','1',NULL,'2012-10-12 16:31:01',NULL),(22,'User',1,'update',NULL,'--- \nemail: stefan.haslinger@mittenin.at\nencrypted_password: $2a$10$g1ptSm60MOGxIdzCZLvCCu5qNAEycum7uPlDyTQmgc12ULnrHPJzy\nreset_password_token: xBE7fZ9Q9rwPapvbjYpr\nreset_password_sent_at: 2012-10-04 11:28:01 Z\nremember_created_at: \nsign_in_count: 43\ncurrent_sign_in_at: 2012-10-12 16:30:14 Z\nlast_sign_in_at: 2012-10-12 08:02:15 Z\ncurrent_sign_in_ip: 178.191.187.82\nlast_sign_in_ip: 178.191.165.13\npassword_salt: \ncreated_at: 2012-09-13 08:32:15 Z\nupdated_at: 2012-10-12 16:30:14 Z\nfirstname: Stefan\nlastname: Testsystem\nparent_id: \nancestry: \nid: 1\n','2012-10-13 08:36:40','--- !map:ActiveSupport::HashWithIndifferentAccess \nlast_sign_in_at: \n- 2012-10-12 08:02:15 Z\n- &id001 2012-10-12 16:30:14 Z\ncurrent_sign_in_at: \n- *id001\n- 2012-10-13 08:36:40.667756 Z\nlast_sign_in_ip: \n- 178.191.165.13\n- 178.191.187.82\ncurrent_sign_in_ip: \n- 178.191.187.82\n- 178.190.71.42\nsign_in_count: \n- 43\n- 44\n'),(23,'User',2,'update',NULL,'--- \nemail: walter.kalcher@chello.at\nencrypted_password: $2a$10$I0KRGsb7UvIwM8LXEvJlYeU5vxCUetSL.UkAJ/s39Ek4X/R0pQiRW\nreset_password_token: nzEKyBBFKJqwtLKaZSsx\nreset_password_sent_at: 2012-10-04 06:59:02 Z\nremember_created_at: \nsign_in_count: 26\ncurrent_sign_in_at: 2012-10-12 06:33:25 Z\nlast_sign_in_at: 2012-10-09 09:52:36 Z\ncurrent_sign_in_ip: 194.48.185.35\nlast_sign_in_ip: 194.48.185.35\npassword_salt: \ncreated_at: 2012-09-18 08:15:20 Z\nupdated_at: 2012-10-12 06:33:25 Z\nfirstname: Walter\nlastname: Kalcher\nparent_id: \nancestry: \nid: 2\n','2012-10-13 12:48:38','--- !map:ActiveSupport::HashWithIndifferentAccess \nlast_sign_in_at: \n- 2012-10-09 09:52:36 Z\n- &id001 2012-10-12 06:33:25 Z\ncurrent_sign_in_at: \n- *id001\n- 2012-10-13 12:48:38.916686 Z\ncurrent_sign_in_ip: \n- 194.48.185.35\n- 84.114.48.239\nsign_in_count: \n- 26\n- 27\n'),(24,'User',1,'update',NULL,'--- \nemail: stefan.haslinger@mittenin.at\nencrypted_password: $2a$10$g1ptSm60MOGxIdzCZLvCCu5qNAEycum7uPlDyTQmgc12ULnrHPJzy\nreset_password_token: xBE7fZ9Q9rwPapvbjYpr\nreset_password_sent_at: 2012-10-04 11:28:01 Z\nremember_created_at: \nsign_in_count: 44\ncurrent_sign_in_at: 2012-10-13 08:36:40 Z\nlast_sign_in_at: 2012-10-12 16:30:14 Z\ncurrent_sign_in_ip: 178.190.71.42\nlast_sign_in_ip: 178.191.187.82\npassword_salt: \ncreated_at: 2012-09-13 08:32:15 Z\nupdated_at: 2012-10-13 08:36:40 Z\nfirstname: Stefan\nlastname: Testsystem\nparent_id: \nancestry: \nid: 1\n','2012-10-13 14:15:22','--- !map:ActiveSupport::HashWithIndifferentAccess \nlast_sign_in_at: \n- 2012-10-12 16:30:14 Z\n- &id001 2012-10-13 08:36:40 Z\ncurrent_sign_in_at: \n- *id001\n- 2012-10-13 14:15:22.192297 Z\nlast_sign_in_ip: \n- 178.191.187.82\n- 178.190.71.42\nsign_in_count: \n- 44\n- 45\n'),(25,'User',2,'update',NULL,'--- \nemail: walter.kalcher@chello.at\nencrypted_password: $2a$10$I0KRGsb7UvIwM8LXEvJlYeU5vxCUetSL.UkAJ/s39Ek4X/R0pQiRW\nreset_password_token: nzEKyBBFKJqwtLKaZSsx\nreset_password_sent_at: 2012-10-04 06:59:02 Z\nremember_created_at: \nsign_in_count: 27\ncurrent_sign_in_at: 2012-10-13 12:48:38 Z\nlast_sign_in_at: 2012-10-12 06:33:25 Z\ncurrent_sign_in_ip: 84.114.48.239\nlast_sign_in_ip: 194.48.185.35\npassword_salt: \ncreated_at: 2012-09-18 08:15:20 Z\nupdated_at: 2012-10-13 12:48:38 Z\nfirstname: Walter\nlastname: Kalcher\nparent_id: \nancestry: \nid: 2\n','2012-10-13 15:08:09','--- !map:ActiveSupport::HashWithIndifferentAccess \nlast_sign_in_at: \n- 2012-10-12 06:33:25 Z\n- &id001 2012-10-13 12:48:38 Z\ncurrent_sign_in_at: \n- *id001\n- 2012-10-13 15:08:09.708119 Z\nlast_sign_in_ip: \n- 194.48.185.35\n- 84.114.48.239\nsign_in_count: \n- 27\n- 28\n'),(26,'User',2,'update','2','--- \nemail: walter.kalcher@chello.at\nencrypted_password: $2a$10$I0KRGsb7UvIwM8LXEvJlYeU5vxCUetSL.UkAJ/s39Ek4X/R0pQiRW\nreset_password_token: nzEKyBBFKJqwtLKaZSsx\nreset_password_sent_at: 2012-10-04 06:59:02 Z\nremember_created_at: \nsign_in_count: 27\ncurrent_sign_in_at: 2012-10-13 12:48:38 Z\nlast_sign_in_at: 2012-10-12 06:33:25 Z\ncurrent_sign_in_ip: 84.114.48.239\nlast_sign_in_ip: 194.48.185.35\npassword_salt: \ncreated_at: 2012-09-18 08:15:20 Z\nupdated_at: 2012-10-13 12:48:38 Z\nfirstname: Walter\nlastname: Kalcher\nparent_id: \nancestry: \nid: 2\n','2012-10-13 15:08:09','--- !map:ActiveSupport::HashWithIndifferentAccess \nlast_sign_in_at: \n- 2012-10-12 06:33:25 Z\n- &id001 2012-10-13 12:48:38 Z\ncurrent_sign_in_at: \n- *id001\n- 2012-10-13 15:08:09.963215 Z\nlast_sign_in_ip: \n- 194.48.185.35\n- 84.114.48.239\nsign_in_count: \n- 27\n- 28\n'),(27,'BusinessProcess',7,'update','2','--- \nname: PROZESSMODELL\ncompany_id: 3\nparent_id: \nancestry: \npurpose: \"Grafische Darstellung der gesamten Unternehmenst\\xC3\\xA4tigkeit\"\nnumber: \"\"\nowner_id: 2\naims: zertifizierung nach ISO 9001:2008\nprocess_class_id: 1\ndescription: \"\"\ncreated_at: 2012-10-04 06:52:42 Z\nupdated_at: 2012-10-04 07:13:40 Z\nx: 525\ny: 200\ncreated_by: \nupdated_by: \narea: \nid: 7\n','2012-10-13 15:10:58','--- !map:ActiveSupport::HashWithIndifferentAccess \nupdated_by: \n- \n- 2\nname: \n- PROZESSMODELL\n- \"der Ing. Walter Kalcher Qualit\\xC3\\xA4tsmanagement\"\nnumber: \n- \"\"\n- \"1\"\narea: \n- \n- ges. Unternehmen\n'),(28,'BusinessProcess',9,'destroy','2','--- \nname: Entwicklung\ncompany_id: 3\nparent_id: \nancestry: 7/6\npurpose: Kundenspezifische Entwicklung neuer Produkte sicherstellen\nnumber: \"\"\nowner_id: 2\naims: \"Umsatz- / Erl\\xC3\\xB6ssteigerung mit neuen Produkten, Stand der Technik sicherstellen\"\nprocess_class_id: 2\ndescription: \"\"\ncreated_at: 2012-10-04 06:56:48 Z\nupdated_at: 2012-10-04 12:57:21 Z\nx: 325\ny: 350\ncreated_by: \nupdated_by: \narea: \nid: 9\n','2012-10-13 15:12:29',NULL),(29,'BusinessProcess',6,'update','2','--- \nname: Vertriebsprozess Schalter + Stecker\ncompany_id: 3\nparent_id: \nancestry: \"7\"\npurpose: Vertrieb Schalter + Stecker\nnumber: \"\"\nowner_id: 2\naims: Gewinn erwirtschaften\nprocess_class_id: 2\ndescription: \"\"\ncreated_at: 2012-10-04 06:51:07 Z\nupdated_at: 2012-10-07 07:31:24 Z\nx: 625\ny: 275\ncreated_by: \nupdated_by: \narea: \nid: 6\n','2012-10-13 15:15:41','--- !map:ActiveSupport::HashWithIndifferentAccess \nupdated_by: \n- \n- 2\nname: \n- Vertriebsprozess Schalter + Stecker\n- \"Beratungs- und Dienstleistungsangebot der Ing. Walter kalcher Qualit\\xC3\\xA4tsmanagement\"\npurpose: \n- Vertrieb Schalter + Stecker\n- \"Sicherstellung der einwandfreien Erbringung der Beratungs- und Dienstleistungen zur v\\xC3\\xB6lligen Kundenzufriedenheit und wirtschaftlich erfolgreichen Unternehmensf\\xC3\\xBChrung\"\narea: \n- \n- Leistungserbringung\n'),(30,'BusinessProcess',6,'update','2','--- \nname: \"Beratungs- und Dienstleistungsangebot der Ing. Walter kalcher Qualit\\xC3\\xA4tsmanagement\"\ncompany_id: 3\nparent_id: \nancestry: \"7\"\npurpose: \"Sicherstellung der einwandfreien Erbringung der Beratungs- und Dienstleistungen zur v\\xC3\\xB6lligen Kundenzufriedenheit und wirtschaftlich erfolgreichen Unternehmensf\\xC3\\xBChrung\"\nnumber: \"\"\nowner_id: 2\naims: Gewinn erwirtschaften\nprocess_class_id: 2\ndescription: \"\"\ncreated_at: 2012-10-04 06:51:07 Z\nupdated_at: 2012-10-13 15:15:41 Z\nx: 625\ny: 275\ncreated_by: \nupdated_by: 2\narea: Leistungserbringung\nid: 6\n','2012-10-13 15:15:50','--- !map:ActiveSupport::HashWithIndifferentAccess \nx: \n- 625\n- 650\ny: \n- 275\n- 250\n'),(31,'BusinessProcess',3,'update','2','--- \nname: Prozessmodell\ncompany_id: 1\nparent_id: \nancestry: \npurpose: \"\"\nnumber: \"\"\nowner_id: 8\naims: \"\"\nprocess_class_id: 5\ndescription: \"\"\ncreated_at: 2012-10-03 14:31:23 Z\nupdated_at: 2012-10-04 11:39:37 Z\nx: \ny: \ncreated_by: \nupdated_by: \narea: \nid: 3\n','2012-10-13 15:18:44','--- !map:ActiveSupport::HashWithIndifferentAccess \nupdated_by: \n- \n- 2\nname: \n- Prozessmodell\n- der MC-Components GmbH.\narea: \n- \n- \"\"\nowner_id: \n- 8\n- \nprocess_class_id: \n- 5\n- 1\n'),(32,'BusinessProcess',32,'create','2',NULL,'2012-10-13 15:20:54',NULL),(33,'BusinessProcess',18,'update','2','--- \nname: Fakturierung + Dokumente\ncompany_id: 3\nparent_id: \nancestry: 7/6\npurpose: \"\"\nnumber: \"\"\nowner_id: 2\naims: \"\"\nprocess_class_id: 2\ndescription: \"\"\ncreated_at: 2012-10-04 07:34:36 Z\nupdated_at: 2012-10-04 12:57:38 Z\nx: 875\ny: 300\ncreated_by: \nupdated_by: \narea: \nid: 18\n','2012-10-13 15:21:27','--- !map:ActiveSupport::HashWithIndifferentAccess \nx: \n- 875\n- 825\ny: \n- 300\n- 225\n'),(34,'BusinessProcess',32,'update','2','--- \nname: \"T\\xC3\\xA4tigkeit f\\xC3\\xBCr die Quality Austria\"\ncompany_id: 3\nparent_id: \nancestry: 7/6\npurpose: \"Einwandfreie Durchf\\xC3\\xBChrung und Erf\\xC3\\xBCllung der Auftr\\xC3\\xA4ge der Quality Austria \"\nnumber: \"\"\nowner_id: 2\naims: \"\"\nprocess_class_id: 2\ndescription: \"\"\ncreated_at: 2012-10-13 15:20:54 Z\nupdated_at: 2012-10-13 15:20:54 Z\nx: \ny: \ncreated_by: 2\nupdated_by: 2\narea: \"\"\nid: 32\n','2012-10-13 15:22:46','--- !map:ActiveSupport::HashWithIndifferentAccess \nancestry: \n- 7/6\n- \n'),(35,'BusinessProcess',32,'update','2','--- \nname: \"T\\xC3\\xA4tigkeit f\\xC3\\xBCr die Quality Austria\"\ncompany_id: 3\nparent_id: \nancestry: \npurpose: \"Einwandfreie Durchf\\xC3\\xBChrung und Erf\\xC3\\xBCllung der Auftr\\xC3\\xA4ge der Quality Austria \"\nnumber: \"\"\nowner_id: 2\naims: \"\"\nprocess_class_id: 2\ndescription: \"\"\ncreated_at: 2012-10-13 15:20:54 Z\nupdated_at: 2012-10-13 15:22:46 Z\nx: \ny: \ncreated_by: 2\nupdated_by: 2\narea: \"\"\nid: 32\n','2012-10-13 15:23:40','--- !map:ActiveSupport::HashWithIndifferentAccess \nancestry: \n- \n- 7/6\n'),(36,'BusinessProcess',32,'update','2','--- \nname: \"T\\xC3\\xA4tigkeit f\\xC3\\xBCr die Quality Austria\"\ncompany_id: 3\nparent_id: \nancestry: 7/6\npurpose: \"Einwandfreie Durchf\\xC3\\xBChrung und Erf\\xC3\\xBCllung der Auftr\\xC3\\xA4ge der Quality Austria \"\nnumber: \"\"\nowner_id: 2\naims: \"\"\nprocess_class_id: 2\ndescription: \"\"\ncreated_at: 2012-10-13 15:20:54 Z\nupdated_at: 2012-10-13 15:23:40 Z\nx: \ny: \ncreated_by: 2\nupdated_by: 2\narea: \"\"\nid: 32\n','2012-10-13 15:25:00','--- !map:ActiveSupport::HashWithIndifferentAccess \nancestry: \n- 7/6\n- \"7\"\n'),(37,'BusinessProcess',32,'update','2','--- \nname: \"T\\xC3\\xA4tigkeit f\\xC3\\xBCr die Quality Austria\"\ncompany_id: 3\nparent_id: \nancestry: \"7\"\npurpose: \"Einwandfreie Durchf\\xC3\\xBChrung und Erf\\xC3\\xBCllung der Auftr\\xC3\\xA4ge der Quality Austria \"\nnumber: \"\"\nowner_id: 2\naims: \"\"\nprocess_class_id: 2\ndescription: \"\"\ncreated_at: 2012-10-13 15:20:54 Z\nupdated_at: 2012-10-13 15:25:00 Z\nx: \ny: \ncreated_by: 2\nupdated_by: 2\narea: \"\"\nid: 32\n','2012-10-13 15:25:07','--- !map:ActiveSupport::HashWithIndifferentAccess \nx: \n- \n- 475\ny: \n- \n- 275\n'),(38,'BusinessProcess',6,'update','2','--- \nname: \"Beratungs- und Dienstleistungsangebot der Ing. Walter kalcher Qualit\\xC3\\xA4tsmanagement\"\ncompany_id: 3\nparent_id: \nancestry: \"7\"\npurpose: \"Sicherstellung der einwandfreien Erbringung der Beratungs- und Dienstleistungen zur v\\xC3\\xB6lligen Kundenzufriedenheit und wirtschaftlich erfolgreichen Unternehmensf\\xC3\\xBChrung\"\nnumber: \"\"\nowner_id: 2\naims: Gewinn erwirtschaften\nprocess_class_id: 2\ndescription: \"\"\ncreated_at: 2012-10-04 06:51:07 Z\nupdated_at: 2012-10-13 15:15:50 Z\nx: 650\ny: 250\ncreated_by: \nupdated_by: 2\narea: Leistungserbringung\nid: 6\n','2012-10-13 15:25:09','--- !map:ActiveSupport::HashWithIndifferentAccess \nx: \n- 650\n- 750\n'),(39,'BusinessProcess',32,'update','2','--- \nname: \"T\\xC3\\xA4tigkeit f\\xC3\\xBCr die Quality Austria\"\ncompany_id: 3\nparent_id: \nancestry: \"7\"\npurpose: \"Einwandfreie Durchf\\xC3\\xBChrung und Erf\\xC3\\xBCllung der Auftr\\xC3\\xA4ge der Quality Austria \"\nnumber: \"\"\nowner_id: 2\naims: \"\"\nprocess_class_id: 2\ndescription: \"\"\ncreated_at: 2012-10-13 15:20:54 Z\nupdated_at: 2012-10-13 15:25:07 Z\nx: 475\ny: 275\ncreated_by: 2\nupdated_by: 2\narea: \"\"\nid: 32\n','2012-10-13 15:25:10','--- !map:ActiveSupport::HashWithIndifferentAccess \nx: \n- 475\n- 550\n'),(40,'BusinessProcess',6,'update','2','--- \nname: \"Beratungs- und Dienstleistungsangebot der Ing. Walter kalcher Qualit\\xC3\\xA4tsmanagement\"\ncompany_id: 3\nparent_id: \nancestry: \"7\"\npurpose: \"Sicherstellung der einwandfreien Erbringung der Beratungs- und Dienstleistungen zur v\\xC3\\xB6lligen Kundenzufriedenheit und wirtschaftlich erfolgreichen Unternehmensf\\xC3\\xBChrung\"\nnumber: \"\"\nowner_id: 2\naims: Gewinn erwirtschaften\nprocess_class_id: 2\ndescription: \"\"\ncreated_at: 2012-10-04 06:51:07 Z\nupdated_at: 2012-10-13 15:25:09 Z\nx: 750\ny: 250\ncreated_by: \nupdated_by: 2\narea: Leistungserbringung\nid: 6\n','2012-10-13 15:25:52','--- !map:ActiveSupport::HashWithIndifferentAccess \nname: \n- \"Beratungs- und Dienstleistungsangebot der Ing. Walter kalcher Qualit\\xC3\\xA4tsmanagement\"\n- Beratungs- und Dienstleistungsangebot\n'),(41,'BusinessProcess',6,'update','2','--- \nname: Beratungs- und Dienstleistungsangebot\ncompany_id: 3\nparent_id: \nancestry: \"7\"\npurpose: \"Sicherstellung der einwandfreien Erbringung der Beratungs- und Dienstleistungen zur v\\xC3\\xB6lligen Kundenzufriedenheit und wirtschaftlich erfolgreichen Unternehmensf\\xC3\\xBChrung\"\nnumber: \"\"\nowner_id: 2\naims: Gewinn erwirtschaften\nprocess_class_id: 2\ndescription: \"\"\ncreated_at: 2012-10-04 06:51:07 Z\nupdated_at: 2012-10-13 15:25:52 Z\nx: 750\ny: 250\ncreated_by: \nupdated_by: 2\narea: Leistungserbringung\nid: 6\n','2012-10-13 15:26:02','--- !map:ActiveSupport::HashWithIndifferentAccess \nx: \n- 750\n- 650\ny: \n- 250\n- 325\n'),(42,'BusinessProcess',32,'update','2','--- \nname: \"T\\xC3\\xA4tigkeit f\\xC3\\xBCr die Quality Austria\"\ncompany_id: 3\nparent_id: \nancestry: \"7\"\npurpose: \"Einwandfreie Durchf\\xC3\\xBChrung und Erf\\xC3\\xBCllung der Auftr\\xC3\\xA4ge der Quality Austria \"\nnumber: \"\"\nowner_id: 2\naims: \"\"\nprocess_class_id: 2\ndescription: \"\"\ncreated_at: 2012-10-13 15:20:54 Z\nupdated_at: 2012-10-13 15:25:10 Z\nx: 550\ny: 275\ncreated_by: 2\nupdated_by: 2\narea: \"\"\nid: 32\n','2012-10-13 15:26:03','--- !map:ActiveSupport::HashWithIndifferentAccess \nx: \n- 550\n- 625\ny: \n- 275\n- 250\n'),(43,'BusinessProcess',6,'update','2','--- \nname: Beratungs- und Dienstleistungsangebot\ncompany_id: 3\nparent_id: \nancestry: \"7\"\npurpose: \"Sicherstellung der einwandfreien Erbringung der Beratungs- und Dienstleistungen zur v\\xC3\\xB6lligen Kundenzufriedenheit und wirtschaftlich erfolgreichen Unternehmensf\\xC3\\xBChrung\"\nnumber: \"\"\nowner_id: 2\naims: Gewinn erwirtschaften\nprocess_class_id: 2\ndescription: \"\"\ncreated_at: 2012-10-04 06:51:07 Z\nupdated_at: 2012-10-13 15:26:02 Z\nx: 650\ny: 325\ncreated_by: \nupdated_by: 2\narea: Leistungserbringung\nid: 6\n','2012-10-13 15:26:05','--- !map:ActiveSupport::HashWithIndifferentAccess \nx: \n- 650\n- 625\ny: \n- 325\n- 300\n'),(44,'BusinessProcess',27,'update','2','--- \nname: Aus- unsd Weiterbildung\ncompany_id: 3\nparent_id: \nancestry: \"7\"\npurpose: \"\"\nnumber: \"\"\nowner_id: 2\naims: \"\"\nprocess_class_id: 3\ndescription: \"\"\ncreated_at: 2012-10-04 07:38:28 Z\nupdated_at: 2012-10-07 07:31:28 Z\nx: 450\ny: 350\ncreated_by: \nupdated_by: \narea: \nid: 27\n','2012-10-13 15:26:06','--- !map:ActiveSupport::HashWithIndifferentAccess \ny: \n- 350\n- 375\n'),(45,'BusinessProcess',26,'update','2','--- \nname: QM-System\ncompany_id: 3\nparent_id: \nancestry: \"7\"\npurpose: \"\"\nnumber: \"\"\nowner_id: 2\naims: \"\"\nprocess_class_id: 3\ndescription: \"\"\ncreated_at: 2012-10-04 07:38:04 Z\nupdated_at: 2012-10-07 07:31:27 Z\nx: 675\ny: 350\ncreated_by: \nupdated_by: \narea: \nid: 26\n','2012-10-13 15:26:08','--- !map:ActiveSupport::HashWithIndifferentAccess \ny: \n- 350\n- 375\n'),(46,'BusinessProcess',10,'update','2','--- \nname: Prozess 1\ncompany_id: 3\nparent_id: \nancestry: \"7\"\npurpose: \"\"\nnumber: \"\"\nowner_id: 1\naims: \"\"\nprocess_class_id: 3\ndescription: \"\"\ncreated_at: 2012-10-04 07:21:48 Z\nupdated_at: 2012-10-07 07:31:26 Z\nx: 825\ny: 350\ncreated_by: \nupdated_by: \narea: \nid: 10\n','2012-10-13 15:26:09','--- !map:ActiveSupport::HashWithIndifferentAccess \nx: \n- 825\n- 850\ny: \n- 350\n- 375\n'),(47,'BusinessProcess',20,'update','2','--- \nname: KVP (kontinuierlicher Verbesserung-Prozess)\ncompany_id: 3\nparent_id: \nancestry: \"7\"\npurpose: \"\"\nnumber: \"\"\nowner_id: 2\naims: \"\"\nprocess_class_id: 4\ndescription: \"\"\ncreated_at: 2012-10-04 07:35:44 Z\nupdated_at: 2012-10-07 07:31:31 Z\nx: 675\ny: 400\ncreated_by: \nupdated_by: \narea: \nid: 20\n','2012-10-13 15:26:10','--- !map:ActiveSupport::HashWithIndifferentAccess \ny: \n- 400\n- 425\n'),(48,'BusinessProcess',24,'update','2','--- \nname: Audit\ncompany_id: 3\nparent_id: \nancestry: \"7\"\npurpose: \"\"\nnumber: \"\"\nowner_id: 2\naims: \"\"\nprocess_class_id: 4\ndescription: \"\"\ncreated_at: 2012-10-04 07:37:14 Z\nupdated_at: 2012-10-07 07:31:29 Z\nx: 900\ny: 400\ncreated_by: \nupdated_by: \narea: \nid: 24\n','2012-10-13 15:26:11','--- !map:ActiveSupport::HashWithIndifferentAccess \nx: \n- 900\n- 875\ny: \n- 400\n- 425\n'),(49,'BusinessProcess',20,'update','2','--- \nname: KVP (kontinuierlicher Verbesserung-Prozess)\ncompany_id: 3\nparent_id: \nancestry: \"7\"\npurpose: \"\"\nnumber: \"\"\nowner_id: 2\naims: \"\"\nprocess_class_id: 4\ndescription: \"\"\ncreated_at: 2012-10-04 07:35:44 Z\nupdated_at: 2012-10-13 15:26:10 Z\nx: 675\ny: 425\ncreated_by: \nupdated_by: \narea: \nid: 20\n','2012-10-13 15:26:12','--- !map:ActiveSupport::HashWithIndifferentAccess \nx: \n- 675\n- 650\n'),(50,'BusinessProcess',24,'update','2','--- \nname: Audit\ncompany_id: 3\nparent_id: \nancestry: \"7\"\npurpose: \"\"\nnumber: \"\"\nowner_id: 2\naims: \"\"\nprocess_class_id: 4\ndescription: \"\"\ncreated_at: 2012-10-04 07:37:14 Z\nupdated_at: 2012-10-13 15:26:11 Z\nx: 875\ny: 425\ncreated_by: \nupdated_by: \narea: \nid: 24\n','2012-10-13 15:26:13','--- !map:ActiveSupport::HashWithIndifferentAccess \nx: \n- 875\n- 850\n'),(51,'BusinessProcess',12,'destroy','2','--- \nname: Prozess 3\ncompany_id: 3\nparent_id: \nancestry: \"7\"\npurpose: \"\"\nnumber: \"\"\nowner_id: 2\naims: \"\"\nprocess_class_id: 4\ndescription: \"\"\ncreated_at: 2012-10-04 07:22:23 Z\nupdated_at: 2012-10-07 07:31:33 Z\nx: 500\ny: 500\ncreated_by: \nupdated_by: \narea: \nid: 12\n','2012-10-13 15:26:23',NULL),(52,'BusinessProcess',25,'update','2','--- \nname: Datenanalyse\ncompany_id: 3\nparent_id: \nancestry: \"7\"\npurpose: \"\"\nnumber: \"\"\nowner_id: 2\naims: \"\"\nprocess_class_id: 4\ndescription: \"\"\ncreated_at: 2012-10-04 07:37:38 Z\nupdated_at: 2012-10-07 07:31:32 Z\nx: 475\ny: 425\ncreated_by: \nupdated_by: \narea: \nid: 25\n','2012-10-13 15:26:37','--- !map:ActiveSupport::HashWithIndifferentAccess \nx: \n- 475\n- 450\n'),(53,'BusinessProcess',20,'update','2','--- \nname: KVP (kontinuierlicher Verbesserung-Prozess)\ncompany_id: 3\nparent_id: \nancestry: \"7\"\npurpose: \"\"\nnumber: \"\"\nowner_id: 2\naims: \"\"\nprocess_class_id: 4\ndescription: \"\"\ncreated_at: 2012-10-04 07:35:44 Z\nupdated_at: 2012-10-13 15:26:12 Z\nx: 650\ny: 425\ncreated_by: \nupdated_by: \narea: \nid: 20\n','2012-10-13 15:26:39','--- !map:ActiveSupport::HashWithIndifferentAccess \nx: \n- 650\n- 600\n'),(54,'BusinessProcess',24,'update','2','--- \nname: Audit\ncompany_id: 3\nparent_id: \nancestry: \"7\"\npurpose: \"\"\nnumber: \"\"\nowner_id: 2\naims: \"\"\nprocess_class_id: 4\ndescription: \"\"\ncreated_at: 2012-10-04 07:37:14 Z\nupdated_at: 2012-10-13 15:26:13 Z\nx: 850\ny: 425\ncreated_by: \nupdated_by: \narea: \nid: 24\n','2012-10-13 15:26:40','--- !map:ActiveSupport::HashWithIndifferentAccess \nx: \n- 850\n- 800\n'),(55,'BusinessProcess',19,'update','2','--- \nname: Reklamationen\ncompany_id: 3\nparent_id: \nancestry: \"7\"\npurpose: \"\"\nnumber: \"\"\nowner_id: 2\naims: \"\"\nprocess_class_id: 4\ndescription: \"\"\ncreated_at: 2012-10-04 07:35:07 Z\nupdated_at: 2012-10-07 07:31:34 Z\nx: 750\ny: 500\ncreated_by: \nupdated_by: \narea: \nid: 19\n','2012-10-13 15:26:42','--- !map:ActiveSupport::HashWithIndifferentAccess \nx: \n- 750\n- 950\ny: \n- 500\n- 425\n'),(56,'BusinessProcess',20,'update','2','--- \nname: KVP (kontinuierlicher Verbesserung-Prozess)\ncompany_id: 3\nparent_id: \nancestry: \"7\"\npurpose: \"\"\nnumber: \"\"\nowner_id: 2\naims: \"\"\nprocess_class_id: 4\ndescription: \"\"\ncreated_at: 2012-10-04 07:35:44 Z\nupdated_at: 2012-10-13 15:26:39 Z\nx: 600\ny: 425\ncreated_by: \nupdated_by: \narea: \nid: 20\n','2012-10-13 15:26:55','--- !map:ActiveSupport::HashWithIndifferentAccess \nupdated_by: \n- \n- 2\nname: \n- KVP (kontinuierlicher Verbesserung-Prozess)\n- \"KVP \"\narea: \n- \n- \"\"\n'),(57,'BusinessProcess',24,'update','2','--- \nname: Audit\ncompany_id: 3\nparent_id: \nancestry: \"7\"\npurpose: \"\"\nnumber: \"\"\nowner_id: 2\naims: \"\"\nprocess_class_id: 4\ndescription: \"\"\ncreated_at: 2012-10-04 07:37:14 Z\nupdated_at: 2012-10-13 15:26:40 Z\nx: 800\ny: 425\ncreated_by: \nupdated_by: \narea: \nid: 24\n','2012-10-13 15:27:04','--- !map:ActiveSupport::HashWithIndifferentAccess \nx: \n- 800\n- 750\n'),(58,'BusinessProcess',19,'update','2','--- \nname: Reklamationen\ncompany_id: 3\nparent_id: \nancestry: \"7\"\npurpose: \"\"\nnumber: \"\"\nowner_id: 2\naims: \"\"\nprocess_class_id: 4\ndescription: \"\"\ncreated_at: 2012-10-04 07:35:07 Z\nupdated_at: 2012-10-13 15:26:42 Z\nx: 950\ny: 425\ncreated_by: \nupdated_by: \narea: \nid: 19\n','2012-10-13 15:27:05','--- !map:ActiveSupport::HashWithIndifferentAccess \nx: \n- 950\n- 900\n'),(59,'BusinessProcess',10,'update','2','--- \nname: Prozess 1\ncompany_id: 3\nparent_id: \nancestry: \"7\"\npurpose: \"\"\nnumber: \"\"\nowner_id: 1\naims: \"\"\nprocess_class_id: 3\ndescription: \"\"\ncreated_at: 2012-10-04 07:21:48 Z\nupdated_at: 2012-10-13 15:26:09 Z\nx: 850\ny: 375\ncreated_by: \nupdated_by: \narea: \nid: 10\n','2012-10-13 15:27:07','--- !map:ActiveSupport::HashWithIndifferentAccess \nx: \n- 850\n- 900\n'),(60,'BusinessProcess',32,'update','2','--- \nname: \"T\\xC3\\xA4tigkeit f\\xC3\\xBCr die Quality Austria\"\ncompany_id: 3\nparent_id: \nancestry: \"7\"\npurpose: \"Einwandfreie Durchf\\xC3\\xBChrung und Erf\\xC3\\xBCllung der Auftr\\xC3\\xA4ge der Quality Austria \"\nnumber: \"\"\nowner_id: 2\naims: \"\"\nprocess_class_id: 2\ndescription: \"\"\ncreated_at: 2012-10-13 15:20:54 Z\nupdated_at: 2012-10-13 15:26:03 Z\nx: 625\ny: 250\ncreated_by: 2\nupdated_by: 2\narea: \"\"\nid: 32\n','2012-10-13 15:27:10','--- !map:ActiveSupport::HashWithIndifferentAccess \nx: \n- 625\n- 650\n'),(61,'BusinessProcess',6,'update','2','--- \nname: Beratungs- und Dienstleistungsangebot\ncompany_id: 3\nparent_id: \nancestry: \"7\"\npurpose: \"Sicherstellung der einwandfreien Erbringung der Beratungs- und Dienstleistungen zur v\\xC3\\xB6lligen Kundenzufriedenheit und wirtschaftlich erfolgreichen Unternehmensf\\xC3\\xBChrung\"\nnumber: \"\"\nowner_id: 2\naims: Gewinn erwirtschaften\nprocess_class_id: 2\ndescription: \"\"\ncreated_at: 2012-10-04 06:51:07 Z\nupdated_at: 2012-10-13 15:26:05 Z\nx: 625\ny: 300\ncreated_by: \nupdated_by: 2\narea: Leistungserbringung\nid: 6\n','2012-10-13 15:27:11','--- !map:ActiveSupport::HashWithIndifferentAccess \nx: \n- 625\n- 650\n'),(62,'BusinessProcess',5,'update','2','--- \nname: Ressourcen\ncompany_id: 3\nparent_id: \nancestry: \"7\"\npurpose: \"Sicherstellung der Verf\\xC3\\xBCgbarkeit aller n\\xC3\\xB6tigen Ressourcen\"\nnumber: \"\"\nowner_id: 2\naims: \"alloe n\\xC3\\xB6tigen Ressourcen sind verf\\xC3\\xBCgbar bzw. die Planung und Beschaffung dieser Ressourcen ist klargstellt\"\nprocess_class_id: 1\ndescription: \"*Personelle Ressourcen*\\r\\n * Rekrutierung\\r\\n * Anstellung\\r\\n * Besch\\xC3\\xA4ftigung \\r\\n * Aus- und Weiterbildung\\r\\n * Beendigung der Besch\\xC3\\xA4ftigung\\r\\n\\\n  \\r\\n\\\n  *Sachressourcen*\\r\\n * Planung\\r\\n * Anschaffung\\r\\n * Verwendung\\r\\n * Instandhaltung\\r\\n * Beendigung der Verwendung / Ausscheiden\\r\\n\\\n  \\r\\n\\\n  *Infrastruktur / Arbeitsumgebung*\"\ncreated_at: 2012-10-04 06:46:58 Z\nupdated_at: 2012-10-07 07:31:23 Z\nx: 825\ny: 200\ncreated_by: \nupdated_by: \narea: \nid: 5\n','2012-10-13 15:27:14','--- !map:ActiveSupport::HashWithIndifferentAccess \nx: \n- 825\n- 900\n'),(63,'BusinessProcess',4,'update','2','--- \nname: Finanzen\ncompany_id: 3\nparent_id: \nancestry: \"7\"\npurpose: ges. Finanzmanagement sicherstellen\nnumber: \"\"\nowner_id: 2\naims: \"Liquidit\\xC3\\xA4t sicherstellen, Unternehmensfortbestand sichern\"\nprocess_class_id: 9\ndescription: \"Finanzplanung (Bedarf)\\r\\n\\\n  Liquidit\\xC3\\xA4tsplanung\\r\\n\\\n  Rechnungswesen \\r\\n\\\n  Mahnwesen\\r\\n\\\n  Steuerberater\\r\\n\\\n  Finanzamt / Beh\\xC3\\xB6rden\"\ncreated_at: 2012-10-04 06:42:23 Z\nupdated_at: 2012-10-10 07:26:24 Z\nx: 675\ny: 200\ncreated_by: \nupdated_by: \narea: \nid: 4\n','2012-10-13 15:27:16','--- !map:ActiveSupport::HashWithIndifferentAccess \nx: \n- 675\n- 700\n'),(64,'User',26,'update',NULL,'--- \nemail: michael.stranka@mittenin.at\nencrypted_password: $2a$10$c17RUaECH4rinMbWZA2T2uM4t3ZUUwWGbq5e8NOmnpguwLw67aniu\nreset_password_token: \nreset_password_sent_at: \nremember_created_at: \nsign_in_count: 0\ncurrent_sign_in_at: \nlast_sign_in_at: \ncurrent_sign_in_ip: \nlast_sign_in_ip: \npassword_salt: \ncreated_at: 2012-10-12 16:31:01 Z\nupdated_at: 2012-10-12 16:31:01 Z\nfirstname: Michael\nlastname: Stranka\nparent_id: \nancestry: \"1\"\nid: 26\n','2012-10-13 15:48:59','--- !map:ActiveSupport::HashWithIndifferentAccess \nlast_sign_in_at: \n- \n- &id001 2012-10-13 15:48:59.469037 Z\ncurrent_sign_in_at: \n- \n- *id001\nlast_sign_in_ip: \n- \n- 77.117.246.145\ncurrent_sign_in_ip: \n- \n- 77.117.246.145\nsign_in_count: \n- 0\n- 1\n'),(65,'User',1,'update',NULL,'--- \nemail: stefan.haslinger@mittenin.at\nencrypted_password: $2a$10$g1ptSm60MOGxIdzCZLvCCu5qNAEycum7uPlDyTQmgc12ULnrHPJzy\nreset_password_token: xBE7fZ9Q9rwPapvbjYpr\nreset_password_sent_at: 2012-10-04 11:28:01 Z\nremember_created_at: \nsign_in_count: 45\ncurrent_sign_in_at: 2012-10-13 14:15:22 Z\nlast_sign_in_at: 2012-10-13 08:36:40 Z\ncurrent_sign_in_ip: 178.190.71.42\nlast_sign_in_ip: 178.190.71.42\npassword_salt: \ncreated_at: 2012-09-13 08:32:15 Z\nupdated_at: 2012-10-13 14:15:22 Z\nfirstname: Stefan\nlastname: Testsystem\nparent_id: \nancestry: \nid: 1\n','2012-10-18 08:31:27','--- !map:ActiveSupport::HashWithIndifferentAccess \nlast_sign_in_at: \n- 2012-10-13 08:36:40 Z\n- &id001 2012-10-13 14:15:22 Z\ncurrent_sign_in_at: \n- *id001\n- 2012-10-18 08:31:26.748222 Z\ncurrent_sign_in_ip: \n- 178.190.71.42\n- 178.190.239.147\nsign_in_count: \n- 45\n- 46\n'),(66,'BusinessProcess',5,'update','1','--- \nname: Ressourcen\ncompany_id: 3\nparent_id: \nancestry: \"7\"\npurpose: \"Sicherstellung der Verf\\xC3\\xBCgbarkeit aller n\\xC3\\xB6tigen Ressourcen\"\nnumber: \"\"\nowner_id: 2\naims: \"alloe n\\xC3\\xB6tigen Ressourcen sind verf\\xC3\\xBCgbar bzw. die Planung und Beschaffung dieser Ressourcen ist klargstellt\"\nprocess_class_id: 1\ndescription: \"*Personelle Ressourcen*\\r\\n * Rekrutierung\\r\\n * Anstellung\\r\\n * Besch\\xC3\\xA4ftigung \\r\\n * Aus- und Weiterbildung\\r\\n * Beendigung der Besch\\xC3\\xA4ftigung\\r\\n\\\n  \\r\\n\\\n  *Sachressourcen*\\r\\n * Planung\\r\\n * Anschaffung\\r\\n * Verwendung\\r\\n * Instandhaltung\\r\\n * Beendigung der Verwendung / Ausscheiden\\r\\n\\\n  \\r\\n\\\n  *Infrastruktur / Arbeitsumgebung*\"\ncreated_at: 2012-10-04 06:46:58 Z\nupdated_at: 2012-10-13 15:27:14 Z\nx: 900\ny: 200\ncreated_by: \nupdated_by: \narea: \nid: 5\n','2012-10-18 08:31:36','--- !map:ActiveSupport::HashWithIndifferentAccess \nx: \n- 900\n- 1025\n'),(67,'BusinessProcess',5,'update','1','--- \nname: Ressourcen\ncompany_id: 3\nparent_id: \nancestry: \"7\"\npurpose: \"Sicherstellung der Verf\\xC3\\xBCgbarkeit aller n\\xC3\\xB6tigen Ressourcen\"\nnumber: \"\"\nowner_id: 2\naims: \"alloe n\\xC3\\xB6tigen Ressourcen sind verf\\xC3\\xBCgbar bzw. die Planung und Beschaffung dieser Ressourcen ist klargstellt\"\nprocess_class_id: 1\ndescription: \"*Personelle Ressourcen*\\r\\n * Rekrutierung\\r\\n * Anstellung\\r\\n * Besch\\xC3\\xA4ftigung \\r\\n * Aus- und Weiterbildung\\r\\n * Beendigung der Besch\\xC3\\xA4ftigung\\r\\n\\\n  \\r\\n\\\n  *Sachressourcen*\\r\\n * Planung\\r\\n * Anschaffung\\r\\n * Verwendung\\r\\n * Instandhaltung\\r\\n * Beendigung der Verwendung / Ausscheiden\\r\\n\\\n  \\r\\n\\\n  *Infrastruktur / Arbeitsumgebung*\"\ncreated_at: 2012-10-04 06:46:58 Z\nupdated_at: 2012-10-18 08:31:36 Z\nx: 1025\ny: 200\ncreated_by: \nupdated_by: \narea: \nid: 5\n','2012-10-18 08:31:51','--- !map:ActiveSupport::HashWithIndifferentAccess \nx: \n- 1025\n- 1225\ny: \n- 200\n- 225\n'),(68,'BusinessProcess',5,'update','1','--- \nname: Ressourcen\ncompany_id: 3\nparent_id: \nancestry: \"7\"\npurpose: \"Sicherstellung der Verf\\xC3\\xBCgbarkeit aller n\\xC3\\xB6tigen Ressourcen\"\nnumber: \"\"\nowner_id: 2\naims: \"alloe n\\xC3\\xB6tigen Ressourcen sind verf\\xC3\\xBCgbar bzw. die Planung und Beschaffung dieser Ressourcen ist klargstellt\"\nprocess_class_id: 1\ndescription: \"*Personelle Ressourcen*\\r\\n * Rekrutierung\\r\\n * Anstellung\\r\\n * Besch\\xC3\\xA4ftigung \\r\\n * Aus- und Weiterbildung\\r\\n * Beendigung der Besch\\xC3\\xA4ftigung\\r\\n\\\n  \\r\\n\\\n  *Sachressourcen*\\r\\n * Planung\\r\\n * Anschaffung\\r\\n * Verwendung\\r\\n * Instandhaltung\\r\\n * Beendigung der Verwendung / Ausscheiden\\r\\n\\\n  \\r\\n\\\n  *Infrastruktur / Arbeitsumgebung*\"\ncreated_at: 2012-10-04 06:46:58 Z\nupdated_at: 2012-10-18 08:31:51 Z\nx: 1225\ny: 225\ncreated_by: \nupdated_by: \narea: \nid: 5\n','2012-10-18 08:33:39','--- !map:ActiveSupport::HashWithIndifferentAccess \nx: \n- 1225\n- 1000\n'),(69,'BusinessProcess',5,'update','1','--- \nname: Ressourcen\ncompany_id: 3\nparent_id: \nancestry: \"7\"\npurpose: \"Sicherstellung der Verf\\xC3\\xBCgbarkeit aller n\\xC3\\xB6tigen Ressourcen\"\nnumber: \"\"\nowner_id: 2\naims: \"alloe n\\xC3\\xB6tigen Ressourcen sind verf\\xC3\\xBCgbar bzw. die Planung und Beschaffung dieser Ressourcen ist klargstellt\"\nprocess_class_id: 1\ndescription: \"*Personelle Ressourcen*\\r\\n * Rekrutierung\\r\\n * Anstellung\\r\\n * Besch\\xC3\\xA4ftigung \\r\\n * Aus- und Weiterbildung\\r\\n * Beendigung der Besch\\xC3\\xA4ftigung\\r\\n\\\n  \\r\\n\\\n  *Sachressourcen*\\r\\n * Planung\\r\\n * Anschaffung\\r\\n * Verwendung\\r\\n * Instandhaltung\\r\\n * Beendigung der Verwendung / Ausscheiden\\r\\n\\\n  \\r\\n\\\n  *Infrastruktur / Arbeitsumgebung*\"\ncreated_at: 2012-10-04 06:46:58 Z\nupdated_at: 2012-10-18 08:33:39 Z\nx: 1000\ny: 225\ncreated_by: \nupdated_by: \narea: \nid: 5\n','2012-10-18 08:33:46','--- !map:ActiveSupport::HashWithIndifferentAccess \nx: \n- 1000\n- 1150\ny: \n- 225\n- 250\n'),(70,'BusinessProcess',5,'update','1','--- \nname: Ressourcen\ncompany_id: 3\nparent_id: \nancestry: \"7\"\npurpose: \"Sicherstellung der Verf\\xC3\\xBCgbarkeit aller n\\xC3\\xB6tigen Ressourcen\"\nnumber: \"\"\nowner_id: 2\naims: \"alloe n\\xC3\\xB6tigen Ressourcen sind verf\\xC3\\xBCgbar bzw. die Planung und Beschaffung dieser Ressourcen ist klargstellt\"\nprocess_class_id: 1\ndescription: \"*Personelle Ressourcen*\\r\\n * Rekrutierung\\r\\n * Anstellung\\r\\n * Besch\\xC3\\xA4ftigung \\r\\n * Aus- und Weiterbildung\\r\\n * Beendigung der Besch\\xC3\\xA4ftigung\\r\\n\\\n  \\r\\n\\\n  *Sachressourcen*\\r\\n * Planung\\r\\n * Anschaffung\\r\\n * Verwendung\\r\\n * Instandhaltung\\r\\n * Beendigung der Verwendung / Ausscheiden\\r\\n\\\n  \\r\\n\\\n  *Infrastruktur / Arbeitsumgebung*\"\ncreated_at: 2012-10-04 06:46:58 Z\nupdated_at: 2012-10-18 08:33:46 Z\nx: 1150\ny: 250\ncreated_by: \nupdated_by: \narea: \nid: 5\n','2012-10-18 08:35:06','--- !map:ActiveSupport::HashWithIndifferentAccess \nx: \n- 1150\n- 1275\ny: \n- 250\n- 275\n'),(71,'BusinessProcess',5,'update','1','--- \nname: Ressourcen\ncompany_id: 3\nparent_id: \nancestry: \"7\"\npurpose: \"Sicherstellung der Verf\\xC3\\xBCgbarkeit aller n\\xC3\\xB6tigen Ressourcen\"\nnumber: \"\"\nowner_id: 2\naims: \"alloe n\\xC3\\xB6tigen Ressourcen sind verf\\xC3\\xBCgbar bzw. die Planung und Beschaffung dieser Ressourcen ist klargstellt\"\nprocess_class_id: 1\ndescription: \"*Personelle Ressourcen*\\r\\n * Rekrutierung\\r\\n * Anstellung\\r\\n * Besch\\xC3\\xA4ftigung \\r\\n * Aus- und Weiterbildung\\r\\n * Beendigung der Besch\\xC3\\xA4ftigung\\r\\n\\\n  \\r\\n\\\n  *Sachressourcen*\\r\\n * Planung\\r\\n * Anschaffung\\r\\n * Verwendung\\r\\n * Instandhaltung\\r\\n * Beendigung der Verwendung / Ausscheiden\\r\\n\\\n  \\r\\n\\\n  *Infrastruktur / Arbeitsumgebung*\"\ncreated_at: 2012-10-04 06:46:58 Z\nupdated_at: 2012-10-18 08:35:06 Z\nx: 1275\ny: 275\ncreated_by: \nupdated_by: \narea: \nid: 5\n','2012-10-18 08:36:10','--- !map:ActiveSupport::HashWithIndifferentAccess \nx: \n- 1275\n- 1050\ny: \n- 275\n- 250\n'),(72,'User',2,'update',NULL,'--- \nemail: walter.kalcher@chello.at\nencrypted_password: $2a$10$I0KRGsb7UvIwM8LXEvJlYeU5vxCUetSL.UkAJ/s39Ek4X/R0pQiRW\nreset_password_token: nzEKyBBFKJqwtLKaZSsx\nreset_password_sent_at: 2012-10-04 06:59:02 Z\nremember_created_at: \nsign_in_count: 28\ncurrent_sign_in_at: 2012-10-13 15:08:09 Z\nlast_sign_in_at: 2012-10-13 12:48:38 Z\ncurrent_sign_in_ip: 84.114.48.239\nlast_sign_in_ip: 84.114.48.239\npassword_salt: \ncreated_at: 2012-09-18 08:15:20 Z\nupdated_at: 2012-10-13 15:08:09 Z\nfirstname: Walter\nlastname: Kalcher\nparent_id: \nancestry: \nid: 2\n','2012-10-18 09:34:26','--- !map:ActiveSupport::HashWithIndifferentAccess \nlast_sign_in_at: \n- 2012-10-13 12:48:38 Z\n- &id001 2012-10-13 15:08:09 Z\ncurrent_sign_in_at: \n- *id001\n- 2012-10-18 09:34:26.328259 Z\ncurrent_sign_in_ip: \n- 84.114.48.239\n- 178.190.239.147\nsign_in_count: \n- 28\n- 29\n'),(73,'User',8,'update',NULL,'--- \nemail: e.mogg@mc-components.at\nencrypted_password: $2a$10$mvzKW7GM.3l4yGi8UF/TjeHRAXttn0.Dxy6brQddv0kRVm6r3oTDW\nreset_password_token: \nreset_password_sent_at: \nremember_created_at: \nsign_in_count: 27\ncurrent_sign_in_at: 2012-10-07 07:32:23 Z\nlast_sign_in_at: 2012-10-06 10:18:18 Z\ncurrent_sign_in_ip: 84.114.48.239\nlast_sign_in_ip: 178.190.194.148\npassword_salt: \ncreated_at: 2012-10-03 14:11:45 Z\nupdated_at: 2012-10-07 07:32:23 Z\nfirstname: Ewald\nlastname: Mogg\nparent_id: \nancestry: \nid: 8\n','2012-10-18 09:51:58','--- !map:ActiveSupport::HashWithIndifferentAccess \nlast_sign_in_at: \n- 2012-10-06 10:18:18 Z\n- &id001 2012-10-07 07:32:23 Z\ncurrent_sign_in_at: \n- *id001\n- 2012-10-18 09:51:58.790774 Z\nlast_sign_in_ip: \n- 178.190.194.148\n- 84.114.48.239\ncurrent_sign_in_ip: \n- 84.114.48.239\n- 93.83.3.226\nsign_in_count: \n- 27\n- 28\n'),(74,'User',8,'update',NULL,'--- \nemail: e.mogg@mc-components.at\nencrypted_password: $2a$10$mvzKW7GM.3l4yGi8UF/TjeHRAXttn0.Dxy6brQddv0kRVm6r3oTDW\nreset_password_token: \nreset_password_sent_at: \nremember_created_at: \nsign_in_count: 28\ncurrent_sign_in_at: 2012-10-18 09:51:58 Z\nlast_sign_in_at: 2012-10-07 07:32:23 Z\ncurrent_sign_in_ip: 93.83.3.226\nlast_sign_in_ip: 84.114.48.239\npassword_salt: \ncreated_at: 2012-10-03 14:11:45 Z\nupdated_at: 2012-10-18 09:51:58 Z\nfirstname: Ewald\nlastname: Mogg\nparent_id: \nancestry: \nid: 8\n','2012-10-18 10:19:46','--- !map:ActiveSupport::HashWithIndifferentAccess \nlast_sign_in_at: \n- 2012-10-07 07:32:23 Z\n- &id001 2012-10-18 09:51:58 Z\ncurrent_sign_in_at: \n- *id001\n- 2012-10-18 10:19:46.689220 Z\nlast_sign_in_ip: \n- 84.114.48.239\n- 93.83.3.226\ncurrent_sign_in_ip: \n- 93.83.3.226\n- 178.190.239.147\nsign_in_count: \n- 28\n- 29\n'),(75,'User',8,'update',NULL,'--- \nemail: e.mogg@mc-components.at\nencrypted_password: $2a$10$mvzKW7GM.3l4yGi8UF/TjeHRAXttn0.Dxy6brQddv0kRVm6r3oTDW\nreset_password_token: \nreset_password_sent_at: \nremember_created_at: \nsign_in_count: 29\ncurrent_sign_in_at: 2012-10-18 10:19:46 Z\nlast_sign_in_at: 2012-10-18 09:51:58 Z\ncurrent_sign_in_ip: 178.190.239.147\nlast_sign_in_ip: 93.83.3.226\npassword_salt: \ncreated_at: 2012-10-03 14:11:45 Z\nupdated_at: 2012-10-18 10:19:46 Z\nfirstname: Ewald\nlastname: Mogg\nparent_id: \nancestry: \nid: 8\n','2012-10-18 10:56:53','--- !map:ActiveSupport::HashWithIndifferentAccess \nlast_sign_in_at: \n- 2012-10-18 09:51:58 Z\n- &id001 2012-10-18 10:19:46 Z\ncurrent_sign_in_at: \n- *id001\n- 2012-10-18 10:56:53.534524 Z\nlast_sign_in_ip: \n- 93.83.3.226\n- 178.190.239.147\ncurrent_sign_in_ip: \n- 178.190.239.147\n- 93.83.3.226\nsign_in_count: \n- 29\n- 30\n'),(76,'User',8,'update',NULL,'--- \nemail: e.mogg@mc-components.at\nencrypted_password: $2a$10$mvzKW7GM.3l4yGi8UF/TjeHRAXttn0.Dxy6brQddv0kRVm6r3oTDW\nreset_password_token: \nreset_password_sent_at: \nremember_created_at: \nsign_in_count: 30\ncurrent_sign_in_at: 2012-10-18 10:56:53 Z\nlast_sign_in_at: 2012-10-18 10:19:46 Z\ncurrent_sign_in_ip: 93.83.3.226\nlast_sign_in_ip: 178.190.239.147\npassword_salt: \ncreated_at: 2012-10-03 14:11:45 Z\nupdated_at: 2012-10-18 10:56:53 Z\nfirstname: Ewald\nlastname: Mogg\nparent_id: \nancestry: \nid: 8\n','2012-10-18 13:08:35','--- !map:ActiveSupport::HashWithIndifferentAccess \nremember_created_at: \n- \n- 2012-10-18 13:08:35.854889 Z\n'),(77,'User',8,'update',NULL,'--- \nemail: e.mogg@mc-components.at\nencrypted_password: $2a$10$mvzKW7GM.3l4yGi8UF/TjeHRAXttn0.Dxy6brQddv0kRVm6r3oTDW\nreset_password_token: \nreset_password_sent_at: \nremember_created_at: 2012-10-18 13:08:35.854889 Z\nsign_in_count: 30\ncurrent_sign_in_at: 2012-10-18 10:56:53 Z\nlast_sign_in_at: 2012-10-18 10:19:46 Z\ncurrent_sign_in_ip: 93.83.3.226\nlast_sign_in_ip: 178.190.239.147\npassword_salt: \ncreated_at: 2012-10-03 14:11:45 Z\nupdated_at: 2012-10-18 13:08:35.862724 Z\nfirstname: Ewald\nlastname: Mogg\nparent_id: \nancestry: \nid: 8\n','2012-10-18 13:08:35','--- !map:ActiveSupport::HashWithIndifferentAccess \nlast_sign_in_at: \n- 2012-10-18 10:19:46 Z\n- &id001 2012-10-18 10:56:53 Z\ncurrent_sign_in_at: \n- *id001\n- 2012-10-18 13:08:35.922933 Z\nlast_sign_in_ip: \n- 178.190.239.147\n- 93.83.3.226\ncurrent_sign_in_ip: \n- 93.83.3.226\n- 178.190.239.147\nsign_in_count: \n- 30\n- 31\n'),(78,'User',8,'update','8','--- \nemail: e.mogg@mc-components.at\nencrypted_password: $2a$10$mvzKW7GM.3l4yGi8UF/TjeHRAXttn0.Dxy6brQddv0kRVm6r3oTDW\nreset_password_token: \nreset_password_sent_at: \nremember_created_at: 2012-10-18 13:08:35 Z\nsign_in_count: 31\ncurrent_sign_in_at: 2012-10-18 13:08:35 Z\nlast_sign_in_at: 2012-10-18 10:56:53 Z\ncurrent_sign_in_ip: 178.190.239.147\nlast_sign_in_ip: 93.83.3.226\npassword_salt: \ncreated_at: 2012-10-03 14:11:45 Z\nupdated_at: 2012-10-18 13:08:35 Z\nfirstname: Ewald\nlastname: Mogg\nparent_id: \nancestry: \nid: 8\n','2012-10-18 13:25:08','--- !map:ActiveSupport::HashWithIndifferentAccess \nremember_created_at: \n- 2012-10-18 13:08:35 Z\n- \n'),(79,'User',1,'update',NULL,'--- \nemail: stefan.haslinger@mittenin.at\nencrypted_password: $2a$10$g1ptSm60MOGxIdzCZLvCCu5qNAEycum7uPlDyTQmgc12ULnrHPJzy\nreset_password_token: xBE7fZ9Q9rwPapvbjYpr\nreset_password_sent_at: 2012-10-04 11:28:01 Z\nremember_created_at: \nsign_in_count: 46\ncurrent_sign_in_at: 2012-10-18 08:31:26 Z\nlast_sign_in_at: 2012-10-13 14:15:22 Z\ncurrent_sign_in_ip: 178.190.239.147\nlast_sign_in_ip: 178.190.71.42\npassword_salt: \ncreated_at: 2012-09-13 08:32:15 Z\nupdated_at: 2012-10-18 08:31:27 Z\nfirstname: Stefan\nlastname: Testsystem\nparent_id: \nancestry: \nid: 1\n','2012-10-18 13:25:12','--- !map:ActiveSupport::HashWithIndifferentAccess \nlast_sign_in_at: \n- 2012-10-13 14:15:22 Z\n- &id001 2012-10-18 08:31:26 Z\ncurrent_sign_in_at: \n- *id001\n- 2012-10-18 13:25:12.959304 Z\nlast_sign_in_ip: \n- 178.190.71.42\n- 178.190.239.147\nsign_in_count: \n- 46\n- 47\n'),(80,'User',1,'update',NULL,'--- \nemail: stefan.haslinger@mittenin.at\nencrypted_password: $2a$10$g1ptSm60MOGxIdzCZLvCCu5qNAEycum7uPlDyTQmgc12ULnrHPJzy\nreset_password_token: xBE7fZ9Q9rwPapvbjYpr\nreset_password_sent_at: 2012-10-04 11:28:01 Z\nremember_created_at: \nsign_in_count: 47\ncurrent_sign_in_at: 2012-10-18 13:25:12 Z\nlast_sign_in_at: 2012-10-18 08:31:26 Z\ncurrent_sign_in_ip: 178.190.239.147\nlast_sign_in_ip: 178.190.239.147\npassword_salt: \ncreated_at: 2012-09-13 08:32:15 Z\nupdated_at: 2012-10-18 13:25:12 Z\nfirstname: Stefan\nlastname: Testsystem\nparent_id: \nancestry: \nid: 1\n','2012-10-18 13:27:30','--- !map:ActiveSupport::HashWithIndifferentAccess \nlast_sign_in_at: \n- 2012-10-18 08:31:26 Z\n- &id001 2012-10-18 13:25:12 Z\ncurrent_sign_in_at: \n- *id001\n- 2012-10-18 13:27:30.331378 Z\nsign_in_count: \n- 47\n- 48\n'),(81,'User',8,'update',NULL,'--- \nemail: e.mogg@mc-components.at\nencrypted_password: $2a$10$mvzKW7GM.3l4yGi8UF/TjeHRAXttn0.Dxy6brQddv0kRVm6r3oTDW\nreset_password_token: \nreset_password_sent_at: \nremember_created_at: \nsign_in_count: 31\ncurrent_sign_in_at: 2012-10-18 13:08:35 Z\nlast_sign_in_at: 2012-10-18 10:56:53 Z\ncurrent_sign_in_ip: 178.190.239.147\nlast_sign_in_ip: 93.83.3.226\npassword_salt: \ncreated_at: 2012-10-03 14:11:45 Z\nupdated_at: 2012-10-18 13:25:08 Z\nfirstname: Ewald\nlastname: Mogg\nparent_id: \nancestry: \nid: 8\n','2012-10-25 08:53:30','--- !map:ActiveSupport::HashWithIndifferentAccess \nlast_sign_in_at: \n- 2012-10-18 10:56:53 Z\n- &id001 2012-10-18 13:08:35 Z\ncurrent_sign_in_at: \n- *id001\n- 2012-10-25 08:53:29.745696 Z\nlast_sign_in_ip: \n- 93.83.3.226\n- 178.190.239.147\ncurrent_sign_in_ip: \n- 178.190.239.147\n- 93.83.3.226\nsign_in_count: \n- 31\n- 32\n'),(82,'User',1,'update',NULL,'--- \nemail: stefan.haslinger@mittenin.at\nencrypted_password: $2a$10$g1ptSm60MOGxIdzCZLvCCu5qNAEycum7uPlDyTQmgc12ULnrHPJzy\nreset_password_token: xBE7fZ9Q9rwPapvbjYpr\nreset_password_sent_at: 2012-10-04 11:28:01 Z\nremember_created_at: \nsign_in_count: 48\ncurrent_sign_in_at: 2012-10-18 13:27:30 Z\nlast_sign_in_at: 2012-10-18 13:25:12 Z\ncurrent_sign_in_ip: 178.190.239.147\nlast_sign_in_ip: 178.190.239.147\npassword_salt: \ncreated_at: 2012-09-13 08:32:15 Z\nupdated_at: 2012-10-18 13:27:30 Z\nfirstname: Stefan\nlastname: Testsystem\nparent_id: \nancestry: \nid: 1\n','2012-12-17 20:15:56','--- !map:ActiveSupport::HashWithIndifferentAccess \nremember_created_at: \n- \n- 2012-12-17 20:15:56.444111 Z\n'),(83,'User',1,'update',NULL,'--- \nemail: stefan.haslinger@mittenin.at\nencrypted_password: $2a$10$g1ptSm60MOGxIdzCZLvCCu5qNAEycum7uPlDyTQmgc12ULnrHPJzy\nreset_password_token: xBE7fZ9Q9rwPapvbjYpr\nreset_password_sent_at: 2012-10-04 11:28:01 Z\nremember_created_at: 2012-12-17 20:15:56.444111 Z\nsign_in_count: 48\ncurrent_sign_in_at: 2012-10-18 13:27:30 Z\nlast_sign_in_at: 2012-10-18 13:25:12 Z\ncurrent_sign_in_ip: 178.190.239.147\nlast_sign_in_ip: 178.190.239.147\npassword_salt: \ncreated_at: 2012-09-13 08:32:15 Z\nupdated_at: 2012-12-17 20:15:56.708814 Z\nfirstname: Stefan\nlastname: Testsystem\nparent_id: \nancestry: \nid: 1\n','2012-12-17 20:15:56','--- !map:ActiveSupport::HashWithIndifferentAccess \nlast_sign_in_at: \n- 2012-10-18 13:25:12 Z\n- &id001 2012-10-18 13:27:30 Z\ncurrent_sign_in_at: \n- *id001\n- 2012-12-17 20:15:56.885062 Z\ncurrent_sign_in_ip: \n- 178.190.239.147\n- 91.115.172.72\nsign_in_count: \n- 48\n- 49\n'),(84,'User',1,'update',NULL,'--- \nemail: stefan.haslinger@mittenin.at\nencrypted_password: $2a$10$g1ptSm60MOGxIdzCZLvCCu5qNAEycum7uPlDyTQmgc12ULnrHPJzy\nreset_password_token: xBE7fZ9Q9rwPapvbjYpr\nreset_password_sent_at: 2012-10-04 11:28:01 Z\nremember_created_at: 2012-12-17 20:15:56 Z\nsign_in_count: 49\ncurrent_sign_in_at: 2012-12-17 20:15:56 Z\nlast_sign_in_at: 2012-10-18 13:27:30 Z\ncurrent_sign_in_ip: 91.115.172.72\nlast_sign_in_ip: 178.190.239.147\npassword_salt: \ncreated_at: 2012-09-13 08:32:15 Z\nupdated_at: 2012-12-17 20:15:56 Z\nfirstname: Stefan\nlastname: Testsystem\nparent_id: \nancestry: \nid: 1\n','2013-01-12 09:49:05','--- !map:ActiveSupport::HashWithIndifferentAccess \nremember_created_at: \n- 2012-12-17 20:15:56 Z\n- 2013-01-12 09:49:05.127533 Z\n'),(85,'User',1,'update',NULL,'--- \nemail: stefan.haslinger@mittenin.at\nencrypted_password: $2a$10$g1ptSm60MOGxIdzCZLvCCu5qNAEycum7uPlDyTQmgc12ULnrHPJzy\nreset_password_token: xBE7fZ9Q9rwPapvbjYpr\nreset_password_sent_at: 2012-10-04 11:28:01 Z\nremember_created_at: 2013-01-12 09:49:05.127533 Z\nsign_in_count: 49\ncurrent_sign_in_at: 2012-12-17 20:15:56 Z\nlast_sign_in_at: 2012-10-18 13:27:30 Z\ncurrent_sign_in_ip: 91.115.172.72\nlast_sign_in_ip: 178.190.239.147\npassword_salt: \ncreated_at: 2012-09-13 08:32:15 Z\nupdated_at: 2013-01-12 09:49:05.433014 Z\nfirstname: Stefan\nlastname: Testsystem\nparent_id: \nancestry: \nid: 1\n','2013-01-12 09:49:05','--- !map:ActiveSupport::HashWithIndifferentAccess \nlast_sign_in_at: \n- 2012-10-18 13:27:30 Z\n- &id001 2012-12-17 20:15:56 Z\ncurrent_sign_in_at: \n- *id001\n- 2013-01-12 09:49:05.553427 Z\nlast_sign_in_ip: \n- 178.190.239.147\n- 91.115.172.72\ncurrent_sign_in_ip: \n- 91.115.172.72\n- 178.191.170.61\nsign_in_count: \n- 49\n- 50\n'),(86,'User',2,'update',NULL,'--- \nemail: walter.kalcher@chello.at\nencrypted_password: $2a$10$I0KRGsb7UvIwM8LXEvJlYeU5vxCUetSL.UkAJ/s39Ek4X/R0pQiRW\nreset_password_token: nzEKyBBFKJqwtLKaZSsx\nreset_password_sent_at: 2012-10-04 06:59:02 Z\nremember_created_at: \nsign_in_count: 29\ncurrent_sign_in_at: 2012-10-18 09:34:26 Z\nlast_sign_in_at: 2012-10-13 15:08:09 Z\ncurrent_sign_in_ip: 178.190.239.147\nlast_sign_in_ip: 84.114.48.239\npassword_salt: \ncreated_at: 2012-09-18 08:15:20 Z\nupdated_at: 2012-10-18 09:34:26 Z\nfirstname: Walter\nlastname: Kalcher\nparent_id: \nancestry: \nid: 2\n','2013-01-14 12:21:03','--- !map:ActiveSupport::HashWithIndifferentAccess \nreset_password_token: \n- nzEKyBBFKJqwtLKaZSsx\n- 8s3qvxstuRLPfypwn7nD\nreset_password_sent_at: \n- 2012-10-04 06:59:02 Z\n- 2013-01-14 12:21:03.212758 Z\n'),(87,'User',1,'update',NULL,'--- \nemail: stefan.haslinger@mittenin.at\nencrypted_password: $2a$10$g1ptSm60MOGxIdzCZLvCCu5qNAEycum7uPlDyTQmgc12ULnrHPJzy\nreset_password_token: xBE7fZ9Q9rwPapvbjYpr\nreset_password_sent_at: 2012-10-04 11:28:01 Z\nremember_created_at: 2013-01-12 09:49:05 Z\nsign_in_count: 50\ncurrent_sign_in_at: 2013-01-12 09:49:05 Z\nlast_sign_in_at: 2012-12-17 20:15:56 Z\ncurrent_sign_in_ip: 178.191.170.61\nlast_sign_in_ip: 91.115.172.72\npassword_salt: \ncreated_at: 2012-09-13 08:32:15 Z\nupdated_at: 2013-01-12 09:49:05 Z\nfirstname: Stefan\nlastname: Testsystem\nparent_id: \nancestry: \nid: 1\n','2013-01-17 09:47:50','--- !map:ActiveSupport::HashWithIndifferentAccess \nlast_sign_in_at: \n- 2012-12-17 20:15:56 Z\n- &id001 2013-01-12 09:49:05 Z\ncurrent_sign_in_at: \n- *id001\n- 2013-01-17 09:47:50.130504 Z\nlast_sign_in_ip: \n- 91.115.172.72\n- 178.191.170.61\ncurrent_sign_in_ip: \n- 178.191.170.61\n- 89.144.206.42\nsign_in_count: \n- 50\n- 51\n'),(88,'User',1,'update',NULL,'--- \nemail: stefan.haslinger@mittenin.at\nencrypted_password: $2a$10$g1ptSm60MOGxIdzCZLvCCu5qNAEycum7uPlDyTQmgc12ULnrHPJzy\nreset_password_token: xBE7fZ9Q9rwPapvbjYpr\nreset_password_sent_at: 2012-10-04 11:28:01 Z\nremember_created_at: 2013-01-12 09:49:05 Z\nsign_in_count: 51\ncurrent_sign_in_at: 2013-01-17 09:47:50 Z\nlast_sign_in_at: 2013-01-12 09:49:05 Z\ncurrent_sign_in_ip: 89.144.206.42\nlast_sign_in_ip: 178.191.170.61\npassword_salt: \ncreated_at: 2012-09-13 08:32:15 Z\nupdated_at: 2013-01-17 09:47:50 Z\nfirstname: Stefan\nlastname: Testsystem\nparent_id: \nancestry: \nid: 1\n','2013-01-23 14:14:16','--- !map:ActiveSupport::HashWithIndifferentAccess \nlast_sign_in_at: \n- 2013-01-12 09:49:05 Z\n- &id001 2013-01-17 09:47:50 Z\ncurrent_sign_in_at: \n- *id001\n- 2013-01-23 14:14:15.995275 Z\nlast_sign_in_ip: \n- 178.191.170.61\n- 89.144.206.42\ncurrent_sign_in_ip: \n- 89.144.206.42\n- 178.191.161.107\nsign_in_count: \n- 51\n- 52\n'),(89,'User',2,'update',NULL,'--- \nemail: walter.kalcher@chello.at\nencrypted_password: $2a$10$I0KRGsb7UvIwM8LXEvJlYeU5vxCUetSL.UkAJ/s39Ek4X/R0pQiRW\nreset_password_token: 8s3qvxstuRLPfypwn7nD\nreset_password_sent_at: 2013-01-14 12:21:03 Z\nremember_created_at: \nsign_in_count: 29\ncurrent_sign_in_at: 2012-10-18 09:34:26 Z\nlast_sign_in_at: 2012-10-13 15:08:09 Z\ncurrent_sign_in_ip: 178.190.239.147\nlast_sign_in_ip: 84.114.48.239\npassword_salt: \ncreated_at: 2012-09-18 08:15:20 Z\nupdated_at: 2013-01-14 12:21:03 Z\nfirstname: Walter\nlastname: Kalcher\nparent_id: \nancestry: \nid: 2\n','2013-01-23 16:59:45','--- !map:ActiveSupport::HashWithIndifferentAccess \nreset_password_token: \n- 8s3qvxstuRLPfypwn7nD\n- 9WuZQWkKesNtzKUinLpB\nreset_password_sent_at: \n- 2013-01-14 12:21:03 Z\n- 2013-01-23 16:59:44.981053 Z\n'),(90,'User',1,'update',NULL,'--- \nemail: stefan.haslinger@mittenin.at\nencrypted_password: $2a$10$g1ptSm60MOGxIdzCZLvCCu5qNAEycum7uPlDyTQmgc12ULnrHPJzy\nreset_password_token: xBE7fZ9Q9rwPapvbjYpr\nreset_password_sent_at: 2012-10-04 11:28:01 Z\nremember_created_at: 2013-01-12 09:49:05 Z\nsign_in_count: 52\ncurrent_sign_in_at: 2013-01-23 14:14:15 Z\nlast_sign_in_at: 2013-01-17 09:47:50 Z\ncurrent_sign_in_ip: 178.191.161.107\nlast_sign_in_ip: 89.144.206.42\npassword_salt: \ncreated_at: 2012-09-13 08:32:15 Z\nupdated_at: 2013-01-23 14:14:16 Z\nfirstname: Stefan\nlastname: Testsystem\nparent_id: \nancestry: \nid: 1\n','2013-01-23 17:23:48','--- !map:ActiveSupport::HashWithIndifferentAccess \nlast_sign_in_at: \n- 2013-01-17 09:47:50 Z\n- &id001 2013-01-23 14:14:15 Z\ncurrent_sign_in_at: \n- *id001\n- 2013-01-23 17:23:48.586982 Z\nlast_sign_in_ip: \n- 89.144.206.42\n- 178.191.161.107\nsign_in_count: \n- 52\n- 53\n'),(91,'User',1,'update','1','--- \nemail: stefan.haslinger@mittenin.at\nencrypted_password: $2a$10$g1ptSm60MOGxIdzCZLvCCu5qNAEycum7uPlDyTQmgc12ULnrHPJzy\nreset_password_token: xBE7fZ9Q9rwPapvbjYpr\nreset_password_sent_at: 2012-10-04 11:28:01 Z\nremember_created_at: 2013-01-12 09:49:05 Z\nsign_in_count: 53\ncurrent_sign_in_at: 2013-01-23 17:23:48 Z\nlast_sign_in_at: 2013-01-23 14:14:15 Z\ncurrent_sign_in_ip: 178.191.161.107\nlast_sign_in_ip: 178.191.161.107\npassword_salt: \ncreated_at: 2012-09-13 08:32:15 Z\nupdated_at: 2013-01-23 17:23:48 Z\nfirstname: Stefan\nlastname: Testsystem\nparent_id: \nancestry: \nid: 1\n','2013-01-23 17:24:45','--- !map:ActiveSupport::HashWithIndifferentAccess \nremember_created_at: \n- 2013-01-12 09:49:05 Z\n- \n'),(92,'User',1,'update',NULL,'--- \nemail: stefan.haslinger@mittenin.at\nencrypted_password: $2a$10$g1ptSm60MOGxIdzCZLvCCu5qNAEycum7uPlDyTQmgc12ULnrHPJzy\nreset_password_token: xBE7fZ9Q9rwPapvbjYpr\nreset_password_sent_at: 2012-10-04 11:28:01 Z\nremember_created_at: \nsign_in_count: 53\ncurrent_sign_in_at: 2013-01-23 17:23:48 Z\nlast_sign_in_at: 2013-01-23 14:14:15 Z\ncurrent_sign_in_ip: 178.191.161.107\nlast_sign_in_ip: 178.191.161.107\npassword_salt: \ncreated_at: 2012-09-13 08:32:15 Z\nupdated_at: 2013-01-23 17:24:45 Z\nfirstname: Stefan\nlastname: Testsystem\nparent_id: \nancestry: \nid: 1\n','2013-01-23 17:30:56','--- !map:ActiveSupport::HashWithIndifferentAccess \nlast_sign_in_at: \n- 2013-01-23 14:14:15 Z\n- &id001 2013-01-23 17:23:48 Z\ncurrent_sign_in_at: \n- *id001\n- 2013-01-23 17:30:56.270054 Z\nsign_in_count: \n- 53\n- 54\n'),(93,'User',1,'update',NULL,'--- \nemail: stefan.haslinger@mittenin.at\nencrypted_password: $2a$10$g1ptSm60MOGxIdzCZLvCCu5qNAEycum7uPlDyTQmgc12ULnrHPJzy\nreset_password_token: xBE7fZ9Q9rwPapvbjYpr\nreset_password_sent_at: 2012-10-04 11:28:01 Z\nremember_created_at: \nsign_in_count: 54\ncurrent_sign_in_at: 2013-01-23 17:30:56 Z\nlast_sign_in_at: 2013-01-23 17:23:48 Z\ncurrent_sign_in_ip: 178.191.161.107\nlast_sign_in_ip: 178.191.161.107\npassword_salt: \ncreated_at: 2012-09-13 08:32:15 Z\nupdated_at: 2013-01-23 17:30:56 Z\nfirstname: Stefan\nlastname: Testsystem\nparent_id: \nancestry: \nid: 1\n','2013-01-23 21:43:33','--- !map:ActiveSupport::HashWithIndifferentAccess \nlast_sign_in_at: \n- 2013-01-23 17:23:48 Z\n- &id001 2013-01-23 17:30:56 Z\ncurrent_sign_in_at: \n- *id001\n- 2013-01-23 21:43:33.867899 Z\nsign_in_count: \n- 54\n- 55\n'),(94,'User',2,'update','1','--- \nemail: walter.kalcher@chello.at\nencrypted_password: $2a$10$I0KRGsb7UvIwM8LXEvJlYeU5vxCUetSL.UkAJ/s39Ek4X/R0pQiRW\nreset_password_token: 9WuZQWkKesNtzKUinLpB\nreset_password_sent_at: 2013-01-23 16:59:44 Z\nremember_created_at: \nsign_in_count: 29\ncurrent_sign_in_at: 2012-10-18 09:34:26 Z\nlast_sign_in_at: 2012-10-13 15:08:09 Z\ncurrent_sign_in_ip: 178.190.239.147\nlast_sign_in_ip: 84.114.48.239\npassword_salt: \ncreated_at: 2012-09-18 08:15:20 Z\nupdated_at: 2013-01-23 16:59:45 Z\nfirstname: Walter\nlastname: Kalcher\nparent_id: \nancestry: \nid: 2\n','2013-01-23 21:44:39','--- !map:ActiveSupport::HashWithIndifferentAccess \nencrypted_password: \n- $2a$10$I0KRGsb7UvIwM8LXEvJlYeU5vxCUetSL.UkAJ/s39Ek4X/R0pQiRW\n- $2a$10$zTWKfyGh91M7CoILNaH26ObSxMcUCH4gC2HndIKKXS0s/WnentTB.\n'),(95,'User',2,'update',NULL,'--- \nemail: walter.kalcher@chello.at\nencrypted_password: $2a$10$zTWKfyGh91M7CoILNaH26ObSxMcUCH4gC2HndIKKXS0s/WnentTB.\nreset_password_token: 9WuZQWkKesNtzKUinLpB\nreset_password_sent_at: 2013-01-23 16:59:44 Z\nremember_created_at: \nsign_in_count: 29\ncurrent_sign_in_at: 2012-10-18 09:34:26 Z\nlast_sign_in_at: 2012-10-13 15:08:09 Z\ncurrent_sign_in_ip: 178.190.239.147\nlast_sign_in_ip: 84.114.48.239\npassword_salt: \ncreated_at: 2012-09-18 08:15:20 Z\nupdated_at: 2013-01-23 21:44:39 Z\nfirstname: Walter\nlastname: Kalcher\nparent_id: \nancestry: \nid: 2\n','2013-01-23 21:45:37','--- !map:ActiveSupport::HashWithIndifferentAccess \nlast_sign_in_at: \n- 2012-10-13 15:08:09 Z\n- &id001 2012-10-18 09:34:26 Z\ncurrent_sign_in_at: \n- *id001\n- 2013-01-23 21:45:37.189537 Z\nlast_sign_in_ip: \n- 84.114.48.239\n- 178.190.239.147\ncurrent_sign_in_ip: \n- 178.190.239.147\n- 178.191.161.107\nsign_in_count: \n- 29\n- 30\n'),(96,'User',1,'update',NULL,'--- \nemail: stefan.haslinger@mittenin.at\nencrypted_password: $2a$10$g1ptSm60MOGxIdzCZLvCCu5qNAEycum7uPlDyTQmgc12ULnrHPJzy\nreset_password_token: xBE7fZ9Q9rwPapvbjYpr\nreset_password_sent_at: 2012-10-04 11:28:01 Z\nremember_created_at: \nsign_in_count: 55\ncurrent_sign_in_at: 2013-01-23 21:43:33 Z\nlast_sign_in_at: 2013-01-23 17:30:56 Z\ncurrent_sign_in_ip: 178.191.161.107\nlast_sign_in_ip: 178.191.161.107\npassword_salt: \ncreated_at: 2012-09-13 08:32:15 Z\nupdated_at: 2013-01-23 21:43:33 Z\nfirstname: Stefan\nlastname: Testsystem\nparent_id: \nancestry: \nid: 1\n','2013-01-23 21:49:51','--- !map:ActiveSupport::HashWithIndifferentAccess \nlast_sign_in_at: \n- 2013-01-23 17:30:56 Z\n- &id001 2013-01-23 21:43:33 Z\ncurrent_sign_in_at: \n- *id001\n- 2013-01-23 21:49:51.658932 Z\nsign_in_count: \n- 55\n- 56\n'),(97,'User',2,'update',NULL,'--- \nemail: walter.kalcher@chello.at\nencrypted_password: $2a$10$zTWKfyGh91M7CoILNaH26ObSxMcUCH4gC2HndIKKXS0s/WnentTB.\nreset_password_token: 9WuZQWkKesNtzKUinLpB\nreset_password_sent_at: 2013-01-23 16:59:44 Z\nremember_created_at: \nsign_in_count: 30\ncurrent_sign_in_at: 2013-01-23 21:45:37 Z\nlast_sign_in_at: 2012-10-18 09:34:26 Z\ncurrent_sign_in_ip: 178.191.161.107\nlast_sign_in_ip: 178.190.239.147\npassword_salt: \ncreated_at: 2012-09-18 08:15:20 Z\nupdated_at: 2013-01-23 21:45:37 Z\nfirstname: Walter\nlastname: Kalcher\nparent_id: \nancestry: \nid: 2\n','2013-01-24 05:37:17','--- !map:ActiveSupport::HashWithIndifferentAccess \nremember_created_at: \n- \n- 2013-01-24 05:37:17.734825 Z\n'),(98,'User',2,'update',NULL,'--- \nemail: walter.kalcher@chello.at\nencrypted_password: $2a$10$zTWKfyGh91M7CoILNaH26ObSxMcUCH4gC2HndIKKXS0s/WnentTB.\nreset_password_token: 9WuZQWkKesNtzKUinLpB\nreset_password_sent_at: 2013-01-23 16:59:44 Z\nremember_created_at: 2013-01-24 05:37:17.734825 Z\nsign_in_count: 30\ncurrent_sign_in_at: 2013-01-23 21:45:37 Z\nlast_sign_in_at: 2012-10-18 09:34:26 Z\ncurrent_sign_in_ip: 178.191.161.107\nlast_sign_in_ip: 178.190.239.147\npassword_salt: \ncreated_at: 2012-09-18 08:15:20 Z\nupdated_at: 2013-01-24 05:37:17.744570 Z\nfirstname: Walter\nlastname: Kalcher\nparent_id: \nancestry: \nid: 2\n','2013-01-24 05:37:17','--- !map:ActiveSupport::HashWithIndifferentAccess \nlast_sign_in_at: \n- 2012-10-18 09:34:26 Z\n- &id001 2013-01-23 21:45:37 Z\ncurrent_sign_in_at: \n- *id001\n- 2013-01-24 05:37:17.780125 Z\nlast_sign_in_ip: \n- 178.190.239.147\n- 178.191.161.107\ncurrent_sign_in_ip: \n- 178.191.161.107\n- 84.114.13.82\nsign_in_count: \n- 30\n- 31\n'),(99,'User',2,'update','2','--- \nemail: walter.kalcher@chello.at\nencrypted_password: $2a$10$zTWKfyGh91M7CoILNaH26ObSxMcUCH4gC2HndIKKXS0s/WnentTB.\nreset_password_token: 9WuZQWkKesNtzKUinLpB\nreset_password_sent_at: 2013-01-23 16:59:44 Z\nremember_created_at: 2013-01-24 05:37:17 Z\nsign_in_count: 31\ncurrent_sign_in_at: 2013-01-24 05:37:17 Z\nlast_sign_in_at: 2013-01-23 21:45:37 Z\ncurrent_sign_in_ip: 84.114.13.82\nlast_sign_in_ip: 178.191.161.107\npassword_salt: \ncreated_at: 2012-09-18 08:15:20 Z\nupdated_at: 2013-01-24 05:37:17 Z\nfirstname: Walter\nlastname: Kalcher\nparent_id: \nancestry: \nid: 2\n','2013-01-24 05:52:33','--- !map:ActiveSupport::HashWithIndifferentAccess \nlast_sign_in_at: \n- 2013-01-23 21:45:37 Z\n- &id001 2013-01-24 05:37:17 Z\ncurrent_sign_in_at: \n- *id001\n- 2013-01-24 05:52:33.671488 Z\nlast_sign_in_ip: \n- 178.191.161.107\n- 84.114.13.82\nsign_in_count: \n- 31\n- 32\n'),(100,'User',1,'update',NULL,'--- \nemail: stefan.haslinger@mittenin.at\nencrypted_password: $2a$10$g1ptSm60MOGxIdzCZLvCCu5qNAEycum7uPlDyTQmgc12ULnrHPJzy\nreset_password_token: xBE7fZ9Q9rwPapvbjYpr\nreset_password_sent_at: 2012-10-04 11:28:01 Z\nremember_created_at: \nsign_in_count: 56\ncurrent_sign_in_at: 2013-01-23 21:49:51 Z\nlast_sign_in_at: 2013-01-23 21:43:33 Z\ncurrent_sign_in_ip: 178.191.161.107\nlast_sign_in_ip: 178.191.161.107\npassword_salt: \ncreated_at: 2012-09-13 08:32:15 Z\nupdated_at: 2013-01-23 21:49:51 Z\nfirstname: Stefan\nlastname: Testsystem\nparent_id: \nancestry: \nid: 1\n','2013-01-24 07:26:59','--- !map:ActiveSupport::HashWithIndifferentAccess \nreset_password_token: \n- xBE7fZ9Q9rwPapvbjYpr\n- s34Euicb4yXJAKnghPxn\nreset_password_sent_at: \n- 2012-10-04 11:28:01 Z\n- 2013-01-24 07:26:59.060688 Z\n'),(101,'User',1,'update',NULL,'--- \nemail: stefan.haslinger@mittenin.at\nencrypted_password: $2a$10$g1ptSm60MOGxIdzCZLvCCu5qNAEycum7uPlDyTQmgc12ULnrHPJzy\nreset_password_token: s34Euicb4yXJAKnghPxn\nreset_password_sent_at: 2013-01-24 07:26:59 Z\nremember_created_at: \nsign_in_count: 56\ncurrent_sign_in_at: 2013-01-23 21:49:51 Z\nlast_sign_in_at: 2013-01-23 21:43:33 Z\ncurrent_sign_in_ip: 178.191.161.107\nlast_sign_in_ip: 178.191.161.107\npassword_salt: \ncreated_at: 2012-09-13 08:32:15 Z\nupdated_at: 2013-01-24 07:26:59 Z\nfirstname: Stefan\nlastname: Testsystem\nparent_id: \nancestry: \nid: 1\n','2013-01-24 07:34:38','--- !map:ActiveSupport::HashWithIndifferentAccess \nencrypted_password: \n- $2a$10$g1ptSm60MOGxIdzCZLvCCu5qNAEycum7uPlDyTQmgc12ULnrHPJzy\n- $2a$10$/f.990WceeNQtIdmkcDNhOplSMM4iMxzp/DcDIYpOxwvFpqkXBufK\nreset_password_token: \n- s34Euicb4yXJAKnghPxn\n- \nreset_password_sent_at: \n- 2013-01-24 07:26:59 Z\n- \n'),(102,'User',1,'update',NULL,'--- \nemail: stefan.haslinger@mittenin.at\nencrypted_password: $2a$10$/f.990WceeNQtIdmkcDNhOplSMM4iMxzp/DcDIYpOxwvFpqkXBufK\nreset_password_token: \nreset_password_sent_at: \nremember_created_at: \nsign_in_count: 56\ncurrent_sign_in_at: 2013-01-23 21:49:51 Z\nlast_sign_in_at: 2013-01-23 21:43:33 Z\ncurrent_sign_in_ip: 178.191.161.107\nlast_sign_in_ip: 178.191.161.107\npassword_salt: \ncreated_at: 2012-09-13 08:32:15 Z\nupdated_at: 2013-01-24 07:34:38.916079 Z\nfirstname: Stefan\nlastname: Testsystem\nparent_id: \nancestry: \nid: 1\n','2013-01-24 07:34:38','--- !map:ActiveSupport::HashWithIndifferentAccess \nlast_sign_in_at: \n- 2013-01-23 21:43:33 Z\n- &id001 2013-01-23 21:49:51 Z\ncurrent_sign_in_at: \n- *id001\n- 2013-01-24 07:34:38.981111 Z\nsign_in_count: \n- 56\n- 57\n'),(103,'User',1,'update',NULL,'--- \nemail: stefan.haslinger@mittenin.at\nencrypted_password: $2a$10$/f.990WceeNQtIdmkcDNhOplSMM4iMxzp/DcDIYpOxwvFpqkXBufK\nreset_password_token: \nreset_password_sent_at: \nremember_created_at: \nsign_in_count: 57\ncurrent_sign_in_at: 2013-01-24 07:34:38 Z\nlast_sign_in_at: 2013-01-23 21:49:51 Z\ncurrent_sign_in_ip: 178.191.161.107\nlast_sign_in_ip: 178.191.161.107\npassword_salt: \ncreated_at: 2012-09-13 08:32:15 Z\nupdated_at: 2013-01-24 07:34:38 Z\nfirstname: Stefan\nlastname: Testsystem\nparent_id: \nancestry: \nid: 1\n','2013-01-24 07:34:51','--- !map:ActiveSupport::HashWithIndifferentAccess \nlast_sign_in_at: \n- 2013-01-23 21:49:51 Z\n- &id001 2013-01-24 07:34:38 Z\ncurrent_sign_in_at: \n- *id001\n- 2013-01-24 07:34:51.589139 Z\nsign_in_count: \n- 57\n- 58\n'),(104,'User',1,'update','1','--- \nemail: stefan.haslinger@mittenin.at\nencrypted_password: $2a$10$/f.990WceeNQtIdmkcDNhOplSMM4iMxzp/DcDIYpOxwvFpqkXBufK\nreset_password_token: \nreset_password_sent_at: \nremember_created_at: \nsign_in_count: 58\ncurrent_sign_in_at: 2013-01-24 07:34:51 Z\nlast_sign_in_at: 2013-01-24 07:34:38 Z\ncurrent_sign_in_ip: 178.191.161.107\nlast_sign_in_ip: 178.191.161.107\npassword_salt: \ncreated_at: 2012-09-13 08:32:15 Z\nupdated_at: 2013-01-24 07:34:51 Z\nfirstname: Stefan\nlastname: Testsystem\nparent_id: \nancestry: \nid: 1\n','2013-01-24 07:35:05','--- !map:ActiveSupport::HashWithIndifferentAccess \nencrypted_password: \n- $2a$10$/f.990WceeNQtIdmkcDNhOplSMM4iMxzp/DcDIYpOxwvFpqkXBufK\n- $2a$10$3L45lBdKevWJbdMB67Ll6eMfPkb5xJoge9zcDZDkd7c0AR67DDstC\n'),(105,'User',1,'update',NULL,'--- \nemail: stefan.haslinger@mittenin.at\nencrypted_password: $2a$10$3L45lBdKevWJbdMB67Ll6eMfPkb5xJoge9zcDZDkd7c0AR67DDstC\nreset_password_token: \nreset_password_sent_at: \nremember_created_at: \nsign_in_count: 58\ncurrent_sign_in_at: 2013-01-24 07:34:51 Z\nlast_sign_in_at: 2013-01-24 07:34:38 Z\ncurrent_sign_in_ip: 178.191.161.107\nlast_sign_in_ip: 178.191.161.107\npassword_salt: \ncreated_at: 2012-09-13 08:32:15 Z\nupdated_at: 2013-01-24 07:35:05 Z\nfirstname: Stefan\nlastname: Testsystem\nparent_id: \nancestry: \nid: 1\n','2013-01-24 07:35:14','--- !map:ActiveSupport::HashWithIndifferentAccess \nlast_sign_in_at: \n- 2013-01-24 07:34:38 Z\n- &id001 2013-01-24 07:34:51 Z\ncurrent_sign_in_at: \n- *id001\n- 2013-01-24 07:35:14.217906 Z\nsign_in_count: \n- 58\n- 59\n'),(106,'User',8,'update',NULL,'--- \nemail: e.mogg@mc-components.at\nencrypted_password: $2a$10$mvzKW7GM.3l4yGi8UF/TjeHRAXttn0.Dxy6brQddv0kRVm6r3oTDW\nreset_password_token: \nreset_password_sent_at: \nremember_created_at: \nsign_in_count: 32\ncurrent_sign_in_at: 2012-10-25 08:53:29 Z\nlast_sign_in_at: 2012-10-18 13:08:35 Z\ncurrent_sign_in_ip: 93.83.3.226\nlast_sign_in_ip: 178.190.239.147\npassword_salt: \ncreated_at: 2012-10-03 14:11:45 Z\nupdated_at: 2012-10-25 08:53:30 Z\nfirstname: Ewald\nlastname: Mogg\nparent_id: \nancestry: \nid: 8\n','2013-02-07 15:08:52','--- !map:ActiveSupport::HashWithIndifferentAccess \nlast_sign_in_at: \n- 2012-10-18 13:08:35 Z\n- &id001 2012-10-25 08:53:29 Z\ncurrent_sign_in_at: \n- *id001\n- 2013-02-07 15:08:51.706849 Z\nlast_sign_in_ip: \n- 178.190.239.147\n- 93.83.3.226\ncurrent_sign_in_ip: \n- 93.83.3.226\n- 78.142.123.51\nsign_in_count: \n- 32\n- 33\n'),(107,'User',2,'update',NULL,'--- \nemail: walter.kalcher@chello.at\nencrypted_password: $2a$10$zTWKfyGh91M7CoILNaH26ObSxMcUCH4gC2HndIKKXS0s/WnentTB.\nreset_password_token: 9WuZQWkKesNtzKUinLpB\nreset_password_sent_at: 2013-01-23 16:59:44 Z\nremember_created_at: 2013-01-24 05:37:17 Z\nsign_in_count: 32\ncurrent_sign_in_at: 2013-01-24 05:52:33 Z\nlast_sign_in_at: 2013-01-24 05:37:17 Z\ncurrent_sign_in_ip: 84.114.13.82\nlast_sign_in_ip: 84.114.13.82\npassword_salt: \ncreated_at: 2012-09-18 08:15:20 Z\nupdated_at: 2013-01-24 05:52:33 Z\nfirstname: Walter\nlastname: Kalcher\nparent_id: \nancestry: \nid: 2\n','2013-02-15 08:24:17','--- !map:ActiveSupport::HashWithIndifferentAccess \nlast_sign_in_at: \n- 2013-01-24 05:37:17 Z\n- &id001 2013-01-24 05:52:33 Z\ncurrent_sign_in_at: \n- *id001\n- 2013-02-15 08:24:16.995919 Z\ncurrent_sign_in_ip: \n- 84.114.13.82\n- 84.114.48.239\nsign_in_count: \n- 32\n- 33\n'),(108,'BusinessProcess',5,'update','2','--- \nname: Ressourcen\ncompany_id: 3\nparent_id: \nancestry: \"7\"\npurpose: \"Sicherstellung der Verf\\xC3\\xBCgbarkeit aller n\\xC3\\xB6tigen Ressourcen\"\nnumber: \"\"\nowner_id: 2\naims: \"alloe n\\xC3\\xB6tigen Ressourcen sind verf\\xC3\\xBCgbar bzw. die Planung und Beschaffung dieser Ressourcen ist klargstellt\"\nprocess_class_id: 1\ndescription: \"*Personelle Ressourcen*\\r\\n * Rekrutierung\\r\\n * Anstellung\\r\\n * Besch\\xC3\\xA4ftigung \\r\\n * Aus- und Weiterbildung\\r\\n * Beendigung der Besch\\xC3\\xA4ftigung\\r\\n\\\n  \\r\\n\\\n  *Sachressourcen*\\r\\n * Planung\\r\\n * Anschaffung\\r\\n * Verwendung\\r\\n * Instandhaltung\\r\\n * Beendigung der Verwendung / Ausscheiden\\r\\n\\\n  \\r\\n\\\n  *Infrastruktur / Arbeitsumgebung*\"\ncreated_at: 2012-10-04 06:46:58 Z\nupdated_at: 2012-10-18 08:36:10 Z\nx: 1050\ny: 250\ncreated_by: \nupdated_by: \narea: \nid: 5\n','2013-02-15 08:24:37','--- !map:ActiveSupport::HashWithIndifferentAccess \nx: \n- 1050\n- 900\ny: \n- 250\n- 200\n'),(109,'User',2,'update','2','--- \nemail: walter.kalcher@chello.at\nencrypted_password: $2a$10$zTWKfyGh91M7CoILNaH26ObSxMcUCH4gC2HndIKKXS0s/WnentTB.\nreset_password_token: 9WuZQWkKesNtzKUinLpB\nreset_password_sent_at: 2013-01-23 16:59:44 Z\nremember_created_at: 2013-01-24 05:37:17 Z\nsign_in_count: 33\ncurrent_sign_in_at: 2013-02-15 08:24:16 Z\nlast_sign_in_at: 2013-01-24 05:52:33 Z\ncurrent_sign_in_ip: 84.114.48.239\nlast_sign_in_ip: 84.114.13.82\npassword_salt: \ncreated_at: 2012-09-18 08:15:20 Z\nupdated_at: 2013-02-15 08:24:17 Z\nfirstname: Walter\nlastname: Kalcher\nparent_id: \nancestry: \nid: 2\n','2013-02-15 08:28:42','--- !map:ActiveSupport::HashWithIndifferentAccess \nremember_created_at: \n- 2013-01-24 05:37:17 Z\n- \n'),(110,'User',2,'update',NULL,'--- \nemail: walter.kalcher@chello.at\nencrypted_password: $2a$10$zTWKfyGh91M7CoILNaH26ObSxMcUCH4gC2HndIKKXS0s/WnentTB.\nreset_password_token: 9WuZQWkKesNtzKUinLpB\nreset_password_sent_at: 2013-01-23 16:59:44 Z\nremember_created_at: \nsign_in_count: 33\ncurrent_sign_in_at: 2013-02-15 08:24:16 Z\nlast_sign_in_at: 2013-01-24 05:52:33 Z\ncurrent_sign_in_ip: 84.114.48.239\nlast_sign_in_ip: 84.114.13.82\npassword_salt: \ncreated_at: 2012-09-18 08:15:20 Z\nupdated_at: 2013-02-15 08:28:42 Z\nfirstname: Walter\nlastname: Kalcher\nparent_id: \nancestry: \nid: 2\n','2013-02-18 15:16:48','--- !map:ActiveSupport::HashWithIndifferentAccess \nlast_sign_in_at: \n- 2013-01-24 05:52:33 Z\n- &id001 2013-02-15 08:24:16 Z\ncurrent_sign_in_at: \n- *id001\n- 2013-02-18 15:16:47.811335 Z\nlast_sign_in_ip: \n- 84.114.13.82\n- 84.114.48.239\nsign_in_count: \n- 33\n- 34\n'),(111,'BusinessProcess',32,'update','2','--- \nname: \"T\\xC3\\xA4tigkeit f\\xC3\\xBCr die Quality Austria\"\ncompany_id: 3\nparent_id: \nancestry: \"7\"\npurpose: \"Einwandfreie Durchf\\xC3\\xBChrung und Erf\\xC3\\xBCllung der Auftr\\xC3\\xA4ge der Quality Austria \"\nnumber: \"\"\nowner_id: 2\naims: \"\"\nprocess_class_id: 2\ndescription: \"\"\ncreated_at: 2012-10-13 15:20:54 Z\nupdated_at: 2012-10-13 15:27:10 Z\nx: 650\ny: 250\ncreated_by: 2\nupdated_by: 2\narea: \"\"\nid: 32\n','2013-02-18 15:27:58','--- !map:ActiveSupport::HashWithIndifferentAccess \nnumber: \n- \"\"\n- \"1.1\"\narea: \n- \"\"\n- Consulting\naims: \n- \"\"\n- \"termingerechte und richtige Erf\\xC3\\xBCllung der Auftr\\xC3\\xA4ge der Quality Austria\"\ndescription: \n- \"\"\n- \"1. Beauftragung durch QA (via WIS)\\r\\n\\\n  2. Terminkoordination mit dem Kunden\\r\\n\\\n  3. Terminr\\xC3\\xBCckmeldung an QA (im WIS)\\r\\n\\\n  4. Auditprogramm erstellen\\r\\n\\\n  5. Auditmappe erstellen (gem. WIS)\\r\\n\\\n  6. Audit durchf\\xC3\\xBChren\\r\\n\\\n  7. Auditbericht erstellen\\r\\n\\\n  8. relevante Dokumente ins WIS hochladen\\r\\n\\\n  9. Auditunterlagen archivieren \"\n'),(112,'BusinessProcess',32,'update','2','--- \nname: \"T\\xC3\\xA4tigkeit f\\xC3\\xBCr die Quality Austria\"\ncompany_id: 3\nparent_id: \nancestry: \"7\"\npurpose: \"Einwandfreie Durchf\\xC3\\xBChrung und Erf\\xC3\\xBCllung der Auftr\\xC3\\xA4ge der Quality Austria \"\nnumber: \"1.1\"\nowner_id: 2\naims: \"termingerechte und richtige Erf\\xC3\\xBCllung der Auftr\\xC3\\xA4ge der Quality Austria\"\nprocess_class_id: 2\ndescription: \"1. Beauftragung durch QA (via WIS)\\r\\n\\\n  2. Terminkoordination mit dem Kunden\\r\\n\\\n  3. Terminr\\xC3\\xBCckmeldung an QA (im WIS)\\r\\n\\\n  4. Auditprogramm erstellen\\r\\n\\\n  5. Auditmappe erstellen (gem. WIS)\\r\\n\\\n  6. Audit durchf\\xC3\\xBChren\\r\\n\\\n  7. Auditbericht erstellen\\r\\n\\\n  8. relevante Dokumente ins WIS hochladen\\r\\n\\\n  9. Auditunterlagen archivieren \"\ncreated_at: 2012-10-13 15:20:54 Z\nupdated_at: 2013-02-18 15:27:58 Z\nx: 650\ny: 250\ncreated_by: 2\nupdated_by: 2\narea: Consulting\nid: 32\n','2013-02-18 15:53:04','--- !map:ActiveSupport::HashWithIndifferentAccess \ndescription: \n- \"1. Beauftragung durch QA (via WIS)\\r\\n\\\n  2. Terminkoordination mit dem Kunden\\r\\n\\\n  3. Terminr\\xC3\\xBCckmeldung an QA (im WIS)\\r\\n\\\n  4. Auditprogramm erstellen\\r\\n\\\n  5. Auditmappe erstellen (gem. WIS)\\r\\n\\\n  6. Audit durchf\\xC3\\xBChren\\r\\n\\\n  7. Auditbericht erstellen\\r\\n\\\n  8. relevante Dokumente ins WIS hochladen\\r\\n\\\n  9. Auditunterlagen archivieren \"\n- \"1. Beauftragung durch QA (via WIS)\\r\\n\\\n  2. Terminkoordination mit dem Kunden\\r\\n\\\n  3. Terminr\\xC3\\xBCckmeldung an QA (im WIS)\\r\\n\\\n  4. Auditprogramm erstellen\\r\\n\\\n  5. Auditmappe erstellen (gem. WIS)\\r\\n\\\n  6. Audit durchf\\xC3\\xBChren\\r\\n\\\n  7. Auditbericht erstellen\\r\\n\\\n  8. relevante Dokumente ins WIS hochladen\\r\\n\\\n  9. Auditunterlagen archivieren \\r\\n\\\n  --------------------------------------------------------------\\r\\n\\\n  1. Beauftragung durch QA\\r\\n\\\n  INPUT = E-Mail und Datensatz im WIS ca. 4 Monate vor dem Audit-Solltermin\\r\\n\\\n  In der \\\"Beauftragung\\\" und dem \\\"Kundenstammblatt\\\"   sind alle relevanten Unternehmensinfos enthalten. \\r\\n\\\n  \\r\\n\\\n  2. Terminkoordination mit dem Kunden\\r\\n\\\n  Mit dem Kunden ist umgehend Kontakt aufzunehmen und ein Termin zu finden (zumindest auf die Woche eingeschr\\xC3\\xA4nkt). Das Stammdatenblatt muss mitgesendet und zur\\xC3\\xBCck gefordert werden.\\r\\n\\\n  Weiters sind seine Auditw\\xC3\\xBCnsche zu erheben (bzw. zumindest ihn darauf hinzuweisen)\\r\\n\\\n  \\r\\n\\\n  3. Terminr\\xC3\\xBCckmeldung an QA (im WIS)\\r\\n\\\n  Der vom Kunden genannte Termin ist ins WIS einzutragen (+ alle weiters geforderten Informationen -> CO-Auditor, Beobachter, Kundenstammblatt)\\r\\n\\\n  \\r\\n\\\n  4. Auditprogramm erstellen\\r\\n\\\n  Ca. 4 Wochen vor dem Audit ist das Auditprogramm zu erstellen und dem Kunden zu senden (Auditpartner eintragen, \\xC3\\x84nderungen /  Erg\\xC3\\xA4nzungen usw)\\r\\n\\\n  \\r\\n\\\n  5. Auditmappe erstellen (gem. WIS)\\r\\n\\\n  Im WIS bereitgestellte Auditdokumente ausdrucken und in der Auditmappe je register ablegen\\r\\n\\\n  Auditcheckliste ninden und ebenfalls in Auditmappe einordnen.\\r\\n\\\n  Schreibunterlagen + Visitenkarten mitnehmen (rote QA-Tasche)\\r\\n\\\n  \\r\\n\\\n  6. Audit durchf\\xC3\\xBChren\\r\\n\\\n  gem. Regelungen der QA\\r\\n\\\n  \\r\\n\\\n  7. Auditbericht erstellen\\r\\n\\\n  Innerhalb von 2 Wochen muss der Auditbericht erstellt werden.\\r\\n\\\n  \\r\\n\\\n  8. relevante Dokumente ins WIS hochladen\\r\\n\\\n  je Auditart im WIS upzuloadente Dokumente erstellen, einscannen und uploaden\\r\\n\\\n  \\r\\n\\\n  9. Auditunterlagen archivieren \\r\\n\\\n  Ablage aller papierdokum,ente im Kundenordner (gelb).\\r\\n \\r\\n\\\n  \\r\\n\\\n  \\r\\n\"\n'),(113,'BusinessProcess',6,'update','2','--- \nname: Beratungs- und Dienstleistungsangebot\ncompany_id: 3\nparent_id: \nancestry: \"7\"\npurpose: \"Sicherstellung der einwandfreien Erbringung der Beratungs- und Dienstleistungen zur v\\xC3\\xB6lligen Kundenzufriedenheit und wirtschaftlich erfolgreichen Unternehmensf\\xC3\\xBChrung\"\nnumber: \"\"\nowner_id: 2\naims: Gewinn erwirtschaften\nprocess_class_id: 2\ndescription: \"\"\ncreated_at: 2012-10-04 06:51:07 Z\nupdated_at: 2012-10-13 15:27:11 Z\nx: 650\ny: 300\ncreated_by: \nupdated_by: 2\narea: Leistungserbringung\nid: 6\n','2013-02-18 16:36:50','--- !map:ActiveSupport::HashWithIndifferentAccess \nnumber: \n- \"\"\n- \"2.1\"\ndescription: \n- \"\"\n- \"1) Kundenakqisition\\r\\n\\\n  2) Angebote\\r\\n\\\n  3) Auftragsabwicklung\\r\\n\\\n  4) \"\n'),(114,'User',1,'update',NULL,'--- \nemail: stefan.haslinger@mittenin.at\nencrypted_password: $2a$10$3L45lBdKevWJbdMB67Ll6eMfPkb5xJoge9zcDZDkd7c0AR67DDstC\nreset_password_token: \nreset_password_sent_at: \nremember_created_at: \nsign_in_count: 59\ncurrent_sign_in_at: 2013-01-24 07:35:14 Z\nlast_sign_in_at: 2013-01-24 07:34:51 Z\ncurrent_sign_in_ip: 178.191.161.107\nlast_sign_in_ip: 178.191.161.107\npassword_salt: \ncreated_at: 2012-09-13 08:32:15 Z\nupdated_at: 2013-01-24 07:35:14 Z\nfirstname: Stefan\nlastname: Testsystem\nparent_id: \nancestry: \nid: 1\n','2013-02-19 09:16:00','--- !map:ActiveSupport::HashWithIndifferentAccess \nremember_created_at: \n- \n- 2013-02-19 09:15:59.915180 Z\n'),(115,'User',1,'update',NULL,'--- \nemail: stefan.haslinger@mittenin.at\nencrypted_password: $2a$10$3L45lBdKevWJbdMB67Ll6eMfPkb5xJoge9zcDZDkd7c0AR67DDstC\nreset_password_token: \nreset_password_sent_at: \nremember_created_at: 2013-02-19 09:15:59.915180 Z\nsign_in_count: 59\ncurrent_sign_in_at: 2013-01-24 07:35:14 Z\nlast_sign_in_at: 2013-01-24 07:34:51 Z\ncurrent_sign_in_ip: 178.191.161.107\nlast_sign_in_ip: 178.191.161.107\npassword_salt: \ncreated_at: 2012-09-13 08:32:15 Z\nupdated_at: 2013-02-19 09:16:00.232807 Z\nfirstname: Stefan\nlastname: Testsystem\nparent_id: \nancestry: \nid: 1\n','2013-02-19 09:16:00','--- !map:ActiveSupport::HashWithIndifferentAccess \nlast_sign_in_at: \n- 2013-01-24 07:34:51 Z\n- &id001 2013-01-24 07:35:14 Z\ncurrent_sign_in_at: \n- *id001\n- 2013-02-19 09:16:00.357001 Z\ncurrent_sign_in_ip: \n- 178.191.161.107\n- 178.191.165.165\nsign_in_count: \n- 59\n- 60\n'),(116,'User',1,'update',NULL,'--- \nemail: stefan.haslinger@mittenin.at\nencrypted_password: $2a$10$3L45lBdKevWJbdMB67Ll6eMfPkb5xJoge9zcDZDkd7c0AR67DDstC\nreset_password_token: \nreset_password_sent_at: \nremember_created_at: 2013-02-19 09:15:59 Z\nsign_in_count: 60\ncurrent_sign_in_at: 2013-02-19 09:16:00 Z\nlast_sign_in_at: 2013-01-24 07:35:14 Z\ncurrent_sign_in_ip: 178.191.165.165\nlast_sign_in_ip: 178.191.161.107\npassword_salt: \ncreated_at: 2012-09-13 08:32:15 Z\nupdated_at: 2013-02-19 09:16:00 Z\nfirstname: Stefan\nlastname: Testsystem\nparent_id: \nancestry: \nid: 1\n','2013-02-19 15:04:52','--- !map:ActiveSupport::HashWithIndifferentAccess \nlast_sign_in_at: \n- 2013-01-24 07:35:14 Z\n- &id001 2013-02-19 09:16:00 Z\ncurrent_sign_in_at: \n- *id001\n- 2013-02-19 15:04:52.254493 Z\nlast_sign_in_ip: \n- 178.191.161.107\n- 178.191.165.165\ncurrent_sign_in_ip: \n- 178.191.165.165\n- 91.115.173.188\nsign_in_count: \n- 60\n- 61\n'),(117,'User',27,'create','1',NULL,'2013-02-19 15:06:14','--- !map:ActiveSupport::HashWithIndifferentAccess \nemail: \n- \"\"\n- sonja@waldgruber.at\nencrypted_password: \n- \"\"\n- $2a$10$rgN0IPlHqgDwgURAZdB6EOICOveZgb1vUYNC3FptDTBGDjY44Pg0q\nfirstname: \n- \n- Sonja\nlastname: \n- \n- Waldgruber\ncreated_at: \n- \n- &id001 2013-02-19 15:06:14.137439 Z\nupdated_at: \n- \n- *id001\nid: \n- \n- 27\n'),(118,'User',27,'update','1','--- \nemail: sonja@waldgruber.at\nencrypted_password: $2a$10$rgN0IPlHqgDwgURAZdB6EOICOveZgb1vUYNC3FptDTBGDjY44Pg0q\nreset_password_token: \nreset_password_sent_at: \nremember_created_at: \nsign_in_count: 0\ncurrent_sign_in_at: \nlast_sign_in_at: \ncurrent_sign_in_ip: \nlast_sign_in_ip: \npassword_salt: \ncreated_at: 2013-02-19 15:06:14 Z\nupdated_at: 2013-02-19 15:06:14 Z\nfirstname: Sonja\nlastname: Waldgruber\nparent_id: \nancestry: \nid: 27\n','2013-02-19 15:06:47','--- !map:ActiveSupport::HashWithIndifferentAccess \nlast_sign_in_at: \n- \n- &id001 2013-02-19 15:06:47.079546 Z\ncurrent_sign_in_at: \n- \n- *id001\nlast_sign_in_ip: \n- \n- 91.115.173.188\ncurrent_sign_in_ip: \n- \n- 91.115.173.188\nsign_in_count: \n- 0\n- 1\n'),(119,'User',27,'update',NULL,'--- \nemail: sonja@waldgruber.at\nencrypted_password: $2a$10$rgN0IPlHqgDwgURAZdB6EOICOveZgb1vUYNC3FptDTBGDjY44Pg0q\nreset_password_token: \nreset_password_sent_at: \nremember_created_at: \nsign_in_count: 1\ncurrent_sign_in_at: 2013-02-19 15:06:47 Z\nlast_sign_in_at: 2013-02-19 15:06:47 Z\ncurrent_sign_in_ip: 91.115.173.188\nlast_sign_in_ip: 91.115.173.188\npassword_salt: \ncreated_at: 2013-02-19 15:06:14 Z\nupdated_at: 2013-02-19 15:06:47 Z\nfirstname: Sonja\nlastname: Waldgruber\nparent_id: \nancestry: \nid: 27\n','2013-02-19 15:12:47','--- !map:ActiveSupport::HashWithIndifferentAccess \ncurrent_sign_in_at: \n- 2013-02-19 15:06:47 Z\n- 2013-02-19 15:12:47.513552 Z\nsign_in_count: \n- 1\n- 2\n'),(120,'User',1,'update','1','--- \nemail: stefan.haslinger@mittenin.at\nencrypted_password: $2a$10$3L45lBdKevWJbdMB67Ll6eMfPkb5xJoge9zcDZDkd7c0AR67DDstC\nreset_password_token: \nreset_password_sent_at: \nremember_created_at: 2013-02-19 09:15:59 Z\nsign_in_count: 61\ncurrent_sign_in_at: 2013-02-19 15:04:52 Z\nlast_sign_in_at: 2013-02-19 09:16:00 Z\ncurrent_sign_in_ip: 91.115.173.188\nlast_sign_in_ip: 178.191.165.165\npassword_salt: \ncreated_at: 2012-09-13 08:32:15 Z\nupdated_at: 2013-02-19 15:04:52 Z\nfirstname: Stefan\nlastname: Testsystem\nparent_id: \nancestry: \nid: 1\n','2013-02-19 15:21:07','--- !map:ActiveSupport::HashWithIndifferentAccess \nremember_created_at: \n- 2013-02-19 09:15:59 Z\n- \n'),(121,'User',1,'update',NULL,'--- \nemail: stefan.haslinger@mittenin.at\nencrypted_password: $2a$10$3L45lBdKevWJbdMB67Ll6eMfPkb5xJoge9zcDZDkd7c0AR67DDstC\nreset_password_token: \nreset_password_sent_at: \nremember_created_at: \nsign_in_count: 61\ncurrent_sign_in_at: 2013-02-19 15:04:52 Z\nlast_sign_in_at: 2013-02-19 09:16:00 Z\ncurrent_sign_in_ip: 91.115.173.188\nlast_sign_in_ip: 178.191.165.165\npassword_salt: \ncreated_at: 2012-09-13 08:32:15 Z\nupdated_at: 2013-02-19 15:21:07 Z\nfirstname: Stefan\nlastname: Testsystem\nparent_id: \nancestry: \nid: 1\n','2013-02-19 15:21:09','--- !map:ActiveSupport::HashWithIndifferentAccess \nlast_sign_in_at: \n- 2013-02-19 09:16:00 Z\n- &id001 2013-02-19 15:04:52 Z\ncurrent_sign_in_at: \n- *id001\n- 2013-02-19 15:21:09.144992 Z\nlast_sign_in_ip: \n- 178.191.165.165\n- 91.115.173.188\nsign_in_count: \n- 61\n- 62\n'),(122,'User',1,'update',NULL,'--- \nemail: stefan.haslinger@mittenin.at\nencrypted_password: $2a$10$3L45lBdKevWJbdMB67Ll6eMfPkb5xJoge9zcDZDkd7c0AR67DDstC\nreset_password_token: \nreset_password_sent_at: \nremember_created_at: \nsign_in_count: 62\ncurrent_sign_in_at: 2013-02-19 15:21:09 Z\nlast_sign_in_at: 2013-02-19 15:04:52 Z\ncurrent_sign_in_ip: 91.115.173.188\nlast_sign_in_ip: 91.115.173.188\npassword_salt: \ncreated_at: 2012-09-13 08:32:15 Z\nupdated_at: 2013-02-19 15:21:09 Z\nfirstname: Stefan\nlastname: Testsystem\nparent_id: \nancestry: \nid: 1\n','2013-02-19 15:21:13','--- !map:ActiveSupport::HashWithIndifferentAccess \nlast_sign_in_at: \n- 2013-02-19 15:04:52 Z\n- &id001 2013-02-19 15:21:09 Z\ncurrent_sign_in_at: \n- *id001\n- 2013-02-19 15:21:13.374310 Z\nsign_in_count: \n- 62\n- 63\n'),(123,'User',1,'update',NULL,'--- \nemail: stefan.haslinger@mittenin.at\nencrypted_password: $2a$10$3L45lBdKevWJbdMB67Ll6eMfPkb5xJoge9zcDZDkd7c0AR67DDstC\nreset_password_token: \nreset_password_sent_at: \nremember_created_at: \nsign_in_count: 63\ncurrent_sign_in_at: 2013-02-19 15:21:13 Z\nlast_sign_in_at: 2013-02-19 15:21:09 Z\ncurrent_sign_in_ip: 91.115.173.188\nlast_sign_in_ip: 91.115.173.188\npassword_salt: \ncreated_at: 2012-09-13 08:32:15 Z\nupdated_at: 2013-02-19 15:21:13 Z\nfirstname: Stefan\nlastname: Testsystem\nparent_id: \nancestry: \nid: 1\n','2013-02-20 08:04:58','--- !map:ActiveSupport::HashWithIndifferentAccess \nlast_sign_in_at: \n- 2013-02-19 15:21:09 Z\n- &id001 2013-02-19 15:21:13 Z\ncurrent_sign_in_at: \n- *id001\n- 2013-02-20 08:04:58.601897 Z\nsign_in_count: \n- 63\n- 64\n'),(124,'User',1,'update',NULL,'--- \nemail: stefan.haslinger@mittenin.at\nencrypted_password: $2a$10$3L45lBdKevWJbdMB67Ll6eMfPkb5xJoge9zcDZDkd7c0AR67DDstC\nreset_password_token: \nreset_password_sent_at: \nremember_created_at: \nsign_in_count: 64\ncurrent_sign_in_at: 2013-02-20 08:04:58 Z\nlast_sign_in_at: 2013-02-19 15:21:13 Z\ncurrent_sign_in_ip: 91.115.173.188\nlast_sign_in_ip: 91.115.173.188\npassword_salt: \ncreated_at: 2012-09-13 08:32:15 Z\nupdated_at: 2013-02-20 08:04:58 Z\nfirstname: Stefan\nlastname: Testsystem\nparent_id: \nancestry: \nid: 1\n','2013-02-20 09:52:20','--- !map:ActiveSupport::HashWithIndifferentAccess \nlast_sign_in_at: \n- 2013-02-19 15:21:13 Z\n- &id001 2013-02-20 08:04:58 Z\ncurrent_sign_in_at: \n- *id001\n- 2013-02-20 09:52:20.192065 Z\nsign_in_count: \n- 64\n- 65\n'),(125,'User',1,'update',NULL,'--- \nemail: stefan.haslinger@mittenin.at\nencrypted_password: $2a$10$3L45lBdKevWJbdMB67Ll6eMfPkb5xJoge9zcDZDkd7c0AR67DDstC\nreset_password_token: \nreset_password_sent_at: \nremember_created_at: \nsign_in_count: 65\ncurrent_sign_in_at: 2013-02-20 09:52:20 Z\nlast_sign_in_at: 2013-02-20 08:04:58 Z\ncurrent_sign_in_ip: 91.115.173.188\nlast_sign_in_ip: 91.115.173.188\npassword_salt: \ncreated_at: 2012-09-13 08:32:15 Z\nupdated_at: 2013-02-20 09:52:20 Z\nfirstname: Stefan\nlastname: Testsystem\nparent_id: \nancestry: \nid: 1\n','2013-02-20 10:47:47','--- !map:ActiveSupport::HashWithIndifferentAccess \nremember_created_at: \n- \n- 2013-02-20 10:47:47.048683 Z\n'),(126,'User',1,'update',NULL,'--- \nemail: stefan.haslinger@mittenin.at\nencrypted_password: $2a$10$3L45lBdKevWJbdMB67Ll6eMfPkb5xJoge9zcDZDkd7c0AR67DDstC\nreset_password_token: \nreset_password_sent_at: \nremember_created_at: 2013-02-20 10:47:47.048683 Z\nsign_in_count: 65\ncurrent_sign_in_at: 2013-02-20 09:52:20 Z\nlast_sign_in_at: 2013-02-20 08:04:58 Z\ncurrent_sign_in_ip: 91.115.173.188\nlast_sign_in_ip: 91.115.173.188\npassword_salt: \ncreated_at: 2012-09-13 08:32:15 Z\nupdated_at: 2013-02-20 10:47:47.107914 Z\nfirstname: Stefan\nlastname: Testsystem\nparent_id: \nancestry: \nid: 1\n','2013-02-20 10:47:47','--- !map:ActiveSupport::HashWithIndifferentAccess \nlast_sign_in_at: \n- 2013-02-20 08:04:58 Z\n- &id001 2013-02-20 09:52:20 Z\ncurrent_sign_in_at: \n- *id001\n- 2013-02-20 10:47:47.163792 Z\nsign_in_count: \n- 65\n- 66\n'),(127,'User',2,'update',NULL,'--- \nemail: walter.kalcher@chello.at\nencrypted_password: $2a$10$zTWKfyGh91M7CoILNaH26ObSxMcUCH4gC2HndIKKXS0s/WnentTB.\nreset_password_token: 9WuZQWkKesNtzKUinLpB\nreset_password_sent_at: 2013-01-23 16:59:44 Z\nremember_created_at: \nsign_in_count: 34\ncurrent_sign_in_at: 2013-02-18 15:16:47 Z\nlast_sign_in_at: 2013-02-15 08:24:16 Z\ncurrent_sign_in_ip: 84.114.48.239\nlast_sign_in_ip: 84.114.48.239\npassword_salt: \ncreated_at: 2012-09-18 08:15:20 Z\nupdated_at: 2013-02-18 15:16:48 Z\nfirstname: Walter\nlastname: Kalcher\nparent_id: \nancestry: \nid: 2\n','2013-02-20 12:26:06','--- !map:ActiveSupport::HashWithIndifferentAccess \nlast_sign_in_at: \n- 2013-02-15 08:24:16 Z\n- &id001 2013-02-18 15:16:47 Z\ncurrent_sign_in_at: \n- *id001\n- 2013-02-20 12:26:06.848251 Z\nsign_in_count: \n- 34\n- 35\n'),(128,'User',2,'update',NULL,'--- \nemail: walter.kalcher@chello.at\nencrypted_password: $2a$10$zTWKfyGh91M7CoILNaH26ObSxMcUCH4gC2HndIKKXS0s/WnentTB.\nreset_password_token: 9WuZQWkKesNtzKUinLpB\nreset_password_sent_at: 2013-01-23 16:59:44 Z\nremember_created_at: \nsign_in_count: 35\ncurrent_sign_in_at: 2013-02-20 12:26:06 Z\nlast_sign_in_at: 2013-02-18 15:16:47 Z\ncurrent_sign_in_ip: 84.114.48.239\nlast_sign_in_ip: 84.114.48.239\npassword_salt: \ncreated_at: 2012-09-18 08:15:20 Z\nupdated_at: 2013-02-20 12:26:06 Z\nfirstname: Walter\nlastname: Kalcher\nparent_id: \nancestry: \nid: 2\n','2013-02-20 12:36:20','--- !map:ActiveSupport::HashWithIndifferentAccess \nremember_created_at: \n- \n- 2013-02-20 12:36:20.269064 Z\n'),(129,'User',2,'update',NULL,'--- \nemail: walter.kalcher@chello.at\nencrypted_password: $2a$10$zTWKfyGh91M7CoILNaH26ObSxMcUCH4gC2HndIKKXS0s/WnentTB.\nreset_password_token: 9WuZQWkKesNtzKUinLpB\nreset_password_sent_at: 2013-01-23 16:59:44 Z\nremember_created_at: 2013-02-20 12:36:20.269064 Z\nsign_in_count: 35\ncurrent_sign_in_at: 2013-02-20 12:26:06 Z\nlast_sign_in_at: 2013-02-18 15:16:47 Z\ncurrent_sign_in_ip: 84.114.48.239\nlast_sign_in_ip: 84.114.48.239\npassword_salt: \ncreated_at: 2012-09-18 08:15:20 Z\nupdated_at: 2013-02-20 12:36:20.278341 Z\nfirstname: Walter\nlastname: Kalcher\nparent_id: \nancestry: \nid: 2\n','2013-02-20 12:36:20','--- !map:ActiveSupport::HashWithIndifferentAccess \nlast_sign_in_at: \n- 2013-02-18 15:16:47 Z\n- &id001 2013-02-20 12:26:06 Z\ncurrent_sign_in_at: \n- *id001\n- 2013-02-20 12:36:20.329117 Z\nsign_in_count: \n- 35\n- 36\n'),(130,'User',2,'update','2','--- \nemail: walter.kalcher@chello.at\nencrypted_password: $2a$10$zTWKfyGh91M7CoILNaH26ObSxMcUCH4gC2HndIKKXS0s/WnentTB.\nreset_password_token: 9WuZQWkKesNtzKUinLpB\nreset_password_sent_at: 2013-01-23 16:59:44 Z\nremember_created_at: 2013-02-20 12:36:20 Z\nsign_in_count: 36\ncurrent_sign_in_at: 2013-02-20 12:36:20 Z\nlast_sign_in_at: 2013-02-20 12:26:06 Z\ncurrent_sign_in_ip: 84.114.48.239\nlast_sign_in_ip: 84.114.48.239\npassword_salt: \ncreated_at: 2012-09-18 08:15:20 Z\nupdated_at: 2013-02-20 12:36:20 Z\nfirstname: Walter\nlastname: Kalcher\nparent_id: \nancestry: \nid: 2\n','2013-02-20 12:36:57','--- !map:ActiveSupport::HashWithIndifferentAccess \nremember_created_at: \n- 2013-02-20 12:36:20 Z\n- \n'),(131,'User',1,'update',NULL,'--- \nemail: stefan.haslinger@mittenin.at\nencrypted_password: $2a$10$3L45lBdKevWJbdMB67Ll6eMfPkb5xJoge9zcDZDkd7c0AR67DDstC\nreset_password_token: \nreset_password_sent_at: \nremember_created_at: 2013-02-20 10:47:47 Z\nsign_in_count: 66\ncurrent_sign_in_at: 2013-02-20 10:47:47 Z\nlast_sign_in_at: 2013-02-20 09:52:20 Z\ncurrent_sign_in_ip: 91.115.173.188\nlast_sign_in_ip: 91.115.173.188\npassword_salt: \ncreated_at: 2012-09-13 08:32:15 Z\nupdated_at: 2013-02-20 10:47:47 Z\nfirstname: Stefan\nlastname: Testsystem\nparent_id: \nancestry: \nid: 1\n','2013-02-20 13:43:57','--- !map:ActiveSupport::HashWithIndifferentAccess \nlast_sign_in_at: \n- 2013-02-20 09:52:20 Z\n- &id001 2013-02-20 10:47:47 Z\ncurrent_sign_in_at: \n- *id001\n- 2013-02-20 13:43:57.675269 Z\ncurrent_sign_in_ip: \n- 91.115.173.188\n- 178.191.172.170\nsign_in_count: \n- 66\n- 67\n'),(132,'BusinessProcess',1,'update','1','--- \nname: Strategieprozess\ncompany_id: 3\nparent_id: \nancestry: \"7\"\npurpose: \"Unternehmensf\\xC3\\xBChrung\"\nnumber: \"1\"\nowner_id: 2\naims: \"Unternehmenserfolg (Erl\\xC3\\xB6s und Fortbestand)\"\nprocess_class_id: 1\ndescription: \"h3. Strategie\\r\\n\\\n  \\r\\n\\\n  * Planung \\r\\n\\\n  ** n\\xC3\\xB6tiger Umsatz auf Basis Kosten\\r\\n\\\n  ** Leistungen \\r\\n\\\n  ** Kunden\\r\\n\\\n  ** Weiterbildung\\r\\n\\\n  ** Personal\\r\\n\\\n  \\r\\n\\\n  (inkl. Finanzplanung) --> Anf. GJ\\r\\n\\\n  \\r\\n\\\n  Zus\\xC3\\xA4tzlich zu den SOLL-Grenzen werden Warngrenzen (SOLL + 10 %)- und Eingriffsgrenzen (SOLL + 3%) definiert \\r\\n\\\n  \\r\\n\\\n  * Freigabe\\r\\n\\\n  \\r\\n\\\n  h3. Monitoring + Reporting\\r\\n\\\n  \\r\\n\\\n  * am Quartalsende SOLL - IST-Vergleich \\r\\n\\\n  \\r\\n\\\n  h4. Ma\\xC3\\x9Fnahmen\\r\\n\\\n  \\r\\n\\\n  * --> bei Unterschreitung der Warngrenze --> Vorbeugungsma\\xC3\\x9Fnahme\\r\\n\\\n  * --> bei Unterschreitung der Eingriffsgrenze --> Korrekturma\\xC3\\x9Fnahme\\r\\n\\\n  \\r\\n\"\ncreated_at: 2012-10-02 14:20:36 Z\nupdated_at: 2012-10-07 07:31:20 Z\nx: 475\ny: 200\ncreated_by: \nupdated_by: \narea: \nid: 1\n','2013-02-20 13:49:42','--- !map:ActiveSupport::HashWithIndifferentAccess \nx: \n- 475\n- 471\n'),(133,'User',1,'update','1','--- \nemail: stefan.haslinger@mittenin.at\nencrypted_password: $2a$10$3L45lBdKevWJbdMB67Ll6eMfPkb5xJoge9zcDZDkd7c0AR67DDstC\nreset_password_token: \nreset_password_sent_at: \nremember_created_at: 2013-02-20 10:47:47 Z\nsign_in_count: 67\ncurrent_sign_in_at: 2013-02-20 13:43:57 Z\nlast_sign_in_at: 2013-02-20 10:47:47 Z\ncurrent_sign_in_ip: 178.191.172.170\nlast_sign_in_ip: 91.115.173.188\npassword_salt: \ncreated_at: 2012-09-13 08:32:15 Z\nupdated_at: 2013-02-20 13:43:57 Z\nfirstname: Stefan\nlastname: Testsystem\nparent_id: \nancestry: \nid: 1\n','2013-02-20 13:53:25','--- !map:ActiveSupport::HashWithIndifferentAccess \nremember_created_at: \n- 2013-02-20 10:47:47 Z\n- \n'),(134,'User',1,'update',NULL,'--- \nemail: stefan.haslinger@mittenin.at\nencrypted_password: $2a$10$3L45lBdKevWJbdMB67Ll6eMfPkb5xJoge9zcDZDkd7c0AR67DDstC\nreset_password_token: \nreset_password_sent_at: \nremember_created_at: \nsign_in_count: 67\ncurrent_sign_in_at: 2013-02-20 13:43:57 Z\nlast_sign_in_at: 2013-02-20 10:47:47 Z\ncurrent_sign_in_ip: 178.191.172.170\nlast_sign_in_ip: 91.115.173.188\npassword_salt: \ncreated_at: 2012-09-13 08:32:15 Z\nupdated_at: 2013-02-20 13:53:25 Z\nfirstname: Stefan\nlastname: Testsystem\nparent_id: \nancestry: \nid: 1\n','2013-02-20 13:53:42','--- !map:ActiveSupport::HashWithIndifferentAccess \nlast_sign_in_at: \n- 2013-02-20 10:47:47 Z\n- &id001 2013-02-20 13:43:57 Z\ncurrent_sign_in_at: \n- *id001\n- 2013-02-20 13:53:42.556312 Z\nlast_sign_in_ip: \n- 91.115.173.188\n- 178.191.172.170\nsign_in_count: \n- 67\n- 68\n'),(135,'User',28,'create','1',NULL,'2013-02-20 13:54:16','--- !map:ActiveSupport::HashWithIndifferentAccess \nemail: \n- \"\"\n- stefan.haslinger@informatom.com\nencrypted_password: \n- \"\"\n- $2a$10$.DaXkEArDALcypOCkq4RAeIpfvNSIiqNIancJOSCO9xgmJ4eOqtp2\nfirstname: \n- \n- Stefan\nlastname: \n- \n- Haslinger (User)\ncreated_at: \n- \n- &id001 2013-02-20 13:54:16.146695 Z\nupdated_at: \n- \n- *id001\nid: \n- \n- 28\n'),(136,'User',28,'update',NULL,'--- \nemail: stefan.haslinger@informatom.com\nencrypted_password: $2a$10$.DaXkEArDALcypOCkq4RAeIpfvNSIiqNIancJOSCO9xgmJ4eOqtp2\nreset_password_token: \nreset_password_sent_at: \nremember_created_at: \nsign_in_count: 0\ncurrent_sign_in_at: \nlast_sign_in_at: \ncurrent_sign_in_ip: \nlast_sign_in_ip: \npassword_salt: \ncreated_at: 2013-02-20 13:54:16 Z\nupdated_at: 2013-02-20 13:54:16 Z\nfirstname: Stefan\nlastname: Haslinger (User)\nparent_id: \nancestry: \nid: 28\n','2013-02-20 13:54:42','--- !map:ActiveSupport::HashWithIndifferentAccess \nremember_created_at: \n- \n- 2013-02-20 13:54:42.445206 Z\n'),(137,'User',28,'update',NULL,'--- \nemail: stefan.haslinger@informatom.com\nencrypted_password: $2a$10$.DaXkEArDALcypOCkq4RAeIpfvNSIiqNIancJOSCO9xgmJ4eOqtp2\nreset_password_token: \nreset_password_sent_at: \nremember_created_at: 2013-02-20 13:54:42.445206 Z\nsign_in_count: 0\ncurrent_sign_in_at: \nlast_sign_in_at: \ncurrent_sign_in_ip: \nlast_sign_in_ip: \npassword_salt: \ncreated_at: 2013-02-20 13:54:16 Z\nupdated_at: 2013-02-20 13:54:42.454492 Z\nfirstname: Stefan\nlastname: Haslinger (User)\nparent_id: \nancestry: \nid: 28\n','2013-02-20 13:54:42','--- !map:ActiveSupport::HashWithIndifferentAccess \nlast_sign_in_at: \n- \n- &id001 2013-02-20 13:54:42.497961 Z\ncurrent_sign_in_at: \n- \n- *id001\nlast_sign_in_ip: \n- \n- 178.191.172.170\ncurrent_sign_in_ip: \n- \n- 178.191.172.170\nsign_in_count: \n- 0\n- 1\n'),(138,'User',1,'update',NULL,'--- \nemail: stefan.haslinger@mittenin.at\nencrypted_password: $2a$10$3L45lBdKevWJbdMB67Ll6eMfPkb5xJoge9zcDZDkd7c0AR67DDstC\nreset_password_token: \nreset_password_sent_at: \nremember_created_at: \nsign_in_count: 68\ncurrent_sign_in_at: 2013-02-20 13:53:42 Z\nlast_sign_in_at: 2013-02-20 13:43:57 Z\ncurrent_sign_in_ip: 178.191.172.170\nlast_sign_in_ip: 178.191.172.170\npassword_salt: \ncreated_at: 2012-09-13 08:32:15 Z\nupdated_at: 2013-02-20 13:53:42 Z\nfirstname: Stefan\nlastname: Testsystem\nparent_id: \nancestry: \nid: 1\n','2013-02-20 20:07:48','--- !map:ActiveSupport::HashWithIndifferentAccess \nlast_sign_in_at: \n- 2013-02-20 13:43:57 Z\n- &id001 2013-02-20 13:53:42 Z\ncurrent_sign_in_at: \n- *id001\n- 2013-02-20 20:07:48.093047 Z\nsign_in_count: \n- 68\n- 69\n'),(139,'User',28,'update',NULL,'--- \nemail: stefan.haslinger@informatom.com\nencrypted_password: $2a$10$.DaXkEArDALcypOCkq4RAeIpfvNSIiqNIancJOSCO9xgmJ4eOqtp2\nreset_password_token: \nreset_password_sent_at: \nremember_created_at: 2013-02-20 13:54:42 Z\nsign_in_count: 1\ncurrent_sign_in_at: 2013-02-20 13:54:42 Z\nlast_sign_in_at: 2013-02-20 13:54:42 Z\ncurrent_sign_in_ip: 178.191.172.170\nlast_sign_in_ip: 178.191.172.170\npassword_salt: \ncreated_at: 2013-02-20 13:54:16 Z\nupdated_at: 2013-02-20 13:54:42 Z\nfirstname: Stefan\nlastname: Haslinger (User)\nparent_id: \nancestry: \nid: 28\n','2013-02-21 16:55:45','--- !map:ActiveSupport::HashWithIndifferentAccess \ncurrent_sign_in_at: \n- 2013-02-20 13:54:42 Z\n- 2013-02-21 16:55:45.444742 Z\ncurrent_sign_in_ip: \n- 178.191.172.170\n- 194.166.106.33\nsign_in_count: \n- 1\n- 2\n'),(140,'User',28,'update','28','--- \nemail: stefan.haslinger@informatom.com\nencrypted_password: $2a$10$.DaXkEArDALcypOCkq4RAeIpfvNSIiqNIancJOSCO9xgmJ4eOqtp2\nreset_password_token: \nreset_password_sent_at: \nremember_created_at: 2013-02-20 13:54:42 Z\nsign_in_count: 2\ncurrent_sign_in_at: 2013-02-21 16:55:45 Z\nlast_sign_in_at: 2013-02-20 13:54:42 Z\ncurrent_sign_in_ip: 194.166.106.33\nlast_sign_in_ip: 178.191.172.170\npassword_salt: \ncreated_at: 2013-02-20 13:54:16 Z\nupdated_at: 2013-02-21 16:55:45 Z\nfirstname: Stefan\nlastname: Haslinger (User)\nparent_id: \nancestry: \nid: 28\n','2013-02-21 16:56:22','--- !map:ActiveSupport::HashWithIndifferentAccess \nremember_created_at: \n- 2013-02-20 13:54:42 Z\n- \n'),(141,'User',1,'update',NULL,'--- \nemail: stefan.haslinger@mittenin.at\nencrypted_password: $2a$10$3L45lBdKevWJbdMB67Ll6eMfPkb5xJoge9zcDZDkd7c0AR67DDstC\nreset_password_token: \nreset_password_sent_at: \nremember_created_at: \nsign_in_count: 69\ncurrent_sign_in_at: 2013-02-20 20:07:48 Z\nlast_sign_in_at: 2013-02-20 13:53:42 Z\ncurrent_sign_in_ip: 178.191.172.170\nlast_sign_in_ip: 178.191.172.170\npassword_salt: \ncreated_at: 2012-09-13 08:32:15 Z\nupdated_at: 2013-02-20 20:07:48 Z\nfirstname: Stefan\nlastname: Testsystem\nparent_id: \nancestry: \nid: 1\n','2013-02-21 16:56:29','--- !map:ActiveSupport::HashWithIndifferentAccess \nlast_sign_in_at: \n- 2013-02-20 13:53:42 Z\n- &id001 2013-02-20 20:07:48 Z\ncurrent_sign_in_at: \n- *id001\n- 2013-02-21 16:56:29.171642 Z\ncurrent_sign_in_ip: \n- 178.191.172.170\n- 194.166.106.33\nsign_in_count: \n- 69\n- 70\n'),(142,'User',2,'update',NULL,'--- \nemail: walter.kalcher@chello.at\nencrypted_password: $2a$10$zTWKfyGh91M7CoILNaH26ObSxMcUCH4gC2HndIKKXS0s/WnentTB.\nreset_password_token: 9WuZQWkKesNtzKUinLpB\nreset_password_sent_at: 2013-01-23 16:59:44 Z\nremember_created_at: \nsign_in_count: 36\ncurrent_sign_in_at: 2013-02-20 12:36:20 Z\nlast_sign_in_at: 2013-02-20 12:26:06 Z\ncurrent_sign_in_ip: 84.114.48.239\nlast_sign_in_ip: 84.114.48.239\npassword_salt: \ncreated_at: 2012-09-18 08:15:20 Z\nupdated_at: 2013-02-20 12:36:57 Z\nfirstname: Walter\nlastname: Kalcher\nparent_id: \nancestry: \nid: 2\n','2013-02-22 07:45:22','--- !map:ActiveSupport::HashWithIndifferentAccess \nremember_created_at: \n- \n- 2013-02-22 07:45:22.762322 Z\n'),(143,'User',2,'update',NULL,'--- \nemail: walter.kalcher@chello.at\nencrypted_password: $2a$10$zTWKfyGh91M7CoILNaH26ObSxMcUCH4gC2HndIKKXS0s/WnentTB.\nreset_password_token: 9WuZQWkKesNtzKUinLpB\nreset_password_sent_at: 2013-01-23 16:59:44 Z\nremember_created_at: 2013-02-22 07:45:22.762322 Z\nsign_in_count: 36\ncurrent_sign_in_at: 2013-02-20 12:36:20 Z\nlast_sign_in_at: 2013-02-20 12:26:06 Z\ncurrent_sign_in_ip: 84.114.48.239\nlast_sign_in_ip: 84.114.48.239\npassword_salt: \ncreated_at: 2012-09-18 08:15:20 Z\nupdated_at: 2013-02-22 07:45:22.772368 Z\nfirstname: Walter\nlastname: Kalcher\nparent_id: \nancestry: \nid: 2\n','2013-02-22 07:45:22','--- !map:ActiveSupport::HashWithIndifferentAccess \nlast_sign_in_at: \n- 2013-02-20 12:26:06 Z\n- &id001 2013-02-20 12:36:20 Z\ncurrent_sign_in_at: \n- *id001\n- 2013-02-22 07:45:22.828667 Z\nsign_in_count: \n- 36\n- 37\n'),(144,'User',1,'update',NULL,'--- \nemail: stefan.haslinger@mittenin.at\nencrypted_password: $2a$10$3L45lBdKevWJbdMB67Ll6eMfPkb5xJoge9zcDZDkd7c0AR67DDstC\nreset_password_token: \nreset_password_sent_at: \nremember_created_at: \nsign_in_count: 70\ncurrent_sign_in_at: 2013-02-21 16:56:29 Z\nlast_sign_in_at: 2013-02-20 20:07:48 Z\ncurrent_sign_in_ip: 194.166.106.33\nlast_sign_in_ip: 178.191.172.170\npassword_salt: \ncreated_at: 2012-09-13 08:32:15 Z\nupdated_at: 2013-02-21 16:56:29 Z\nfirstname: Stefan\nlastname: Testsystem\nparent_id: \nancestry: \nid: 1\n','2013-02-22 07:56:31','--- !map:ActiveSupport::HashWithIndifferentAccess \nlast_sign_in_at: \n- 2013-02-20 20:07:48 Z\n- &id001 2013-02-21 16:56:29 Z\ncurrent_sign_in_at: \n- *id001\n- 2013-02-22 07:56:31.887091 Z\nlast_sign_in_ip: \n- 178.191.172.170\n- 194.166.106.33\nsign_in_count: \n- 70\n- 71\n'),(145,'BusinessProcess',32,'update','1','--- \nname: \"T\\xC3\\xA4tigkeit f\\xC3\\xBCr die Quality Austria\"\ncompany_id: 3\nparent_id: \nancestry: \"7\"\npurpose: \"Einwandfreie Durchf\\xC3\\xBChrung und Erf\\xC3\\xBCllung der Auftr\\xC3\\xA4ge der Quality Austria \"\nnumber: \"1.1\"\nowner_id: 2\naims: \"termingerechte und richtige Erf\\xC3\\xBCllung der Auftr\\xC3\\xA4ge der Quality Austria\"\nprocess_class_id: 2\ndescription: \"1. Beauftragung durch QA (via WIS)\\r\\n\\\n  2. Terminkoordination mit dem Kunden\\r\\n\\\n  3. Terminr\\xC3\\xBCckmeldung an QA (im WIS)\\r\\n\\\n  4. Auditprogramm erstellen\\r\\n\\\n  5. Auditmappe erstellen (gem. WIS)\\r\\n\\\n  6. Audit durchf\\xC3\\xBChren\\r\\n\\\n  7. Auditbericht erstellen\\r\\n\\\n  8. relevante Dokumente ins WIS hochladen\\r\\n\\\n  9. Auditunterlagen archivieren \\r\\n\\\n  --------------------------------------------------------------\\r\\n\\\n  1. Beauftragung durch QA\\r\\n\\\n  INPUT = E-Mail und Datensatz im WIS ca. 4 Monate vor dem Audit-Solltermin\\r\\n\\\n  In der \\\"Beauftragung\\\" und dem \\\"Kundenstammblatt\\\"   sind alle relevanten Unternehmensinfos enthalten. \\r\\n\\\n  \\r\\n\\\n  2. Terminkoordination mit dem Kunden\\r\\n\\\n  Mit dem Kunden ist umgehend Kontakt aufzunehmen und ein Termin zu finden (zumindest auf die Woche eingeschr\\xC3\\xA4nkt). Das Stammdatenblatt muss mitgesendet und zur\\xC3\\xBCck gefordert werden.\\r\\n\\\n  Weiters sind seine Auditw\\xC3\\xBCnsche zu erheben (bzw. zumindest ihn darauf hinzuweisen)\\r\\n\\\n  \\r\\n\\\n  3. Terminr\\xC3\\xBCckmeldung an QA (im WIS)\\r\\n\\\n  Der vom Kunden genannte Termin ist ins WIS einzutragen (+ alle weiters geforderten Informationen -> CO-Auditor, Beobachter, Kundenstammblatt)\\r\\n\\\n  \\r\\n\\\n  4. Auditprogramm erstellen\\r\\n\\\n  Ca. 4 Wochen vor dem Audit ist das Auditprogramm zu erstellen und dem Kunden zu senden (Auditpartner eintragen, \\xC3\\x84nderungen /  Erg\\xC3\\xA4nzungen usw)\\r\\n\\\n  \\r\\n\\\n  5. Auditmappe erstellen (gem. WIS)\\r\\n\\\n  Im WIS bereitgestellte Auditdokumente ausdrucken und in der Auditmappe je register ablegen\\r\\n\\\n  Auditcheckliste ninden und ebenfalls in Auditmappe einordnen.\\r\\n\\\n  Schreibunterlagen + Visitenkarten mitnehmen (rote QA-Tasche)\\r\\n\\\n  \\r\\n\\\n  6. Audit durchf\\xC3\\xBChren\\r\\n\\\n  gem. Regelungen der QA\\r\\n\\\n  \\r\\n\\\n  7. Auditbericht erstellen\\r\\n\\\n  Innerhalb von 2 Wochen muss der Auditbericht erstellt werden.\\r\\n\\\n  \\r\\n\\\n  8. relevante Dokumente ins WIS hochladen\\r\\n\\\n  je Auditart im WIS upzuloadente Dokumente erstellen, einscannen und uploaden\\r\\n\\\n  \\r\\n\\\n  9. Auditunterlagen archivieren \\r\\n\\\n  Ablage aller papierdokum,ente im Kundenordner (gelb).\\r\\n \\r\\n\\\n  \\r\\n\\\n  \\r\\n\"\ncreated_at: 2012-10-13 15:20:54 Z\nupdated_at: 2013-02-18 15:53:04 Z\nx: 650\ny: 250\ncreated_by: 2\nupdated_by: 2\narea: Consulting\nid: 32\n','2013-02-22 08:04:49','--- !map:ActiveSupport::HashWithIndifferentAccess \nupdated_by: \n- 2\n- 1\ndescription: \n- \"1. Beauftragung durch QA (via WIS)\\r\\n\\\n  2. Terminkoordination mit dem Kunden\\r\\n\\\n  3. Terminr\\xC3\\xBCckmeldung an QA (im WIS)\\r\\n\\\n  4. Auditprogramm erstellen\\r\\n\\\n  5. Auditmappe erstellen (gem. WIS)\\r\\n\\\n  6. Audit durchf\\xC3\\xBChren\\r\\n\\\n  7. Auditbericht erstellen\\r\\n\\\n  8. relevante Dokumente ins WIS hochladen\\r\\n\\\n  9. Auditunterlagen archivieren \\r\\n\\\n  --------------------------------------------------------------\\r\\n\\\n  1. Beauftragung durch QA\\r\\n\\\n  INPUT = E-Mail und Datensatz im WIS ca. 4 Monate vor dem Audit-Solltermin\\r\\n\\\n  In der \\\"Beauftragung\\\" und dem \\\"Kundenstammblatt\\\"   sind alle relevanten Unternehmensinfos enthalten. \\r\\n\\\n  \\r\\n\\\n  2. Terminkoordination mit dem Kunden\\r\\n\\\n  Mit dem Kunden ist umgehend Kontakt aufzunehmen und ein Termin zu finden (zumindest auf die Woche eingeschr\\xC3\\xA4nkt). Das Stammdatenblatt muss mitgesendet und zur\\xC3\\xBCck gefordert werden.\\r\\n\\\n  Weiters sind seine Auditw\\xC3\\xBCnsche zu erheben (bzw. zumindest ihn darauf hinzuweisen)\\r\\n\\\n  \\r\\n\\\n  3. Terminr\\xC3\\xBCckmeldung an QA (im WIS)\\r\\n\\\n  Der vom Kunden genannte Termin ist ins WIS einzutragen (+ alle weiters geforderten Informationen -> CO-Auditor, Beobachter, Kundenstammblatt)\\r\\n\\\n  \\r\\n\\\n  4. Auditprogramm erstellen\\r\\n\\\n  Ca. 4 Wochen vor dem Audit ist das Auditprogramm zu erstellen und dem Kunden zu senden (Auditpartner eintragen, \\xC3\\x84nderungen /  Erg\\xC3\\xA4nzungen usw)\\r\\n\\\n  \\r\\n\\\n  5. Auditmappe erstellen (gem. WIS)\\r\\n\\\n  Im WIS bereitgestellte Auditdokumente ausdrucken und in der Auditmappe je register ablegen\\r\\n\\\n  Auditcheckliste ninden und ebenfalls in Auditmappe einordnen.\\r\\n\\\n  Schreibunterlagen + Visitenkarten mitnehmen (rote QA-Tasche)\\r\\n\\\n  \\r\\n\\\n  6. Audit durchf\\xC3\\xBChren\\r\\n\\\n  gem. Regelungen der QA\\r\\n\\\n  \\r\\n\\\n  7. Auditbericht erstellen\\r\\n\\\n  Innerhalb von 2 Wochen muss der Auditbericht erstellt werden.\\r\\n\\\n  \\r\\n\\\n  8. relevante Dokumente ins WIS hochladen\\r\\n\\\n  je Auditart im WIS upzuloadente Dokumente erstellen, einscannen und uploaden\\r\\n\\\n  \\r\\n\\\n  9. Auditunterlagen archivieren \\r\\n\\\n  Ablage aller papierdokum,ente im Kundenordner (gelb).\\r\\n \\r\\n\\\n  \\r\\n\\\n  \\r\\n\"\n- \"# Beauftragung durch QA (via WIS)\\r\\n\\\n  2. Terminkoordination mit dem Kunden\\r\\n\\\n  3. Terminr\\xC3\\xBCckmeldung an QA (im WIS)\\r\\n\\\n  4. Auditprogramm erstellen\\r\\n\\\n  5. Auditmappe erstellen (gem. WIS)\\r\\n\\\n  6. Audit durchf\\xC3\\xBChren\\r\\n\\\n  7. Auditbericht erstellen\\r\\n\\\n  8. relevante Dokumente ins WIS hochladen\\r\\n\\\n  9. Auditunterlagen archivieren \\r\\n\\\n  --------------------------------------------------------------\\r\\n\\\n  1. Beauftragung durch QA\\r\\n\\\n  INPUT = E-Mail und Datensatz im WIS ca. 4 Monate vor dem Audit-Solltermin\\r\\n\\\n  In der \\\"Beauftragung\\\" und dem \\\"Kundenstammblatt\\\"   sind alle relevanten Unternehmensinfos enthalten. \\r\\n\\\n  \\r\\n\\\n  2. Terminkoordination mit dem Kunden\\r\\n\\\n  Mit dem Kunden ist umgehend Kontakt aufzunehmen und ein Termin zu finden (zumindest auf die Woche eingeschr\\xC3\\xA4nkt). Das Stammdatenblatt muss mitgesendet und zur\\xC3\\xBCck gefordert werden.\\r\\n\\\n  Weiters sind seine Auditw\\xC3\\xBCnsche zu erheben (bzw. zumindest ihn darauf hinzuweisen)\\r\\n\\\n  \\r\\n\\\n  3. Terminr\\xC3\\xBCckmeldung an QA (im WIS)\\r\\n\\\n  Der vom Kunden genannte Termin ist ins WIS einzutragen (+ alle weiters geforderten Informationen -> CO-Auditor, Beobachter, Kundenstammblatt)\\r\\n\\\n  \\r\\n\\\n  4. Auditprogramm erstellen\\r\\n\\\n  Ca. 4 Wochen vor dem Audit ist das Auditprogramm zu erstellen und dem Kunden zu senden (Auditpartner eintragen, \\xC3\\x84nderungen /  Erg\\xC3\\xA4nzungen usw)\\r\\n\\\n  \\r\\n\\\n  5. Auditmappe erstellen (gem. WIS)\\r\\n\\\n  Im WIS bereitgestellte Auditdokumente ausdrucken und in der Auditmappe je register ablegen\\r\\n\\\n  Auditcheckliste ninden und ebenfalls in Auditmappe einordnen.\\r\\n\\\n  Schreibunterlagen + Visitenkarten mitnehmen (rote QA-Tasche)\\r\\n\\\n  \\r\\n\\\n  6. Audit durchf\\xC3\\xBChren\\r\\n\\\n  gem. Regelungen der QA\\r\\n\\\n  \\r\\n\\\n  7. Auditbericht erstellen\\r\\n\\\n  Innerhalb von 2 Wochen muss der Auditbericht erstellt werden.\\r\\n\\\n  \\r\\n\\\n  8. relevante Dokumente ins WIS hochladen\\r\\n\\\n  je Auditart im WIS upzuloadente Dokumente erstellen, einscannen und uploaden\\r\\n\\\n  \\r\\n\\\n  9. Auditunterlagen archivieren \\r\\n\\\n  Ablage aller papierdokum,ente im Kundenordner (gelb).\\r\\n \\r\\n\\\n  \\r\\n\\\n  \\r\\n\"\n'),(146,'BusinessProcess',32,'update','1','--- \nname: \"T\\xC3\\xA4tigkeit f\\xC3\\xBCr die Quality Austria\"\ncompany_id: 3\nparent_id: \nancestry: \"7\"\npurpose: \"Einwandfreie Durchf\\xC3\\xBChrung und Erf\\xC3\\xBCllung der Auftr\\xC3\\xA4ge der Quality Austria \"\nnumber: \"1.1\"\nowner_id: 2\naims: \"termingerechte und richtige Erf\\xC3\\xBCllung der Auftr\\xC3\\xA4ge der Quality Austria\"\nprocess_class_id: 2\ndescription: \"# Beauftragung durch QA (via WIS)\\r\\n\\\n  2. Terminkoordination mit dem Kunden\\r\\n\\\n  3. Terminr\\xC3\\xBCckmeldung an QA (im WIS)\\r\\n\\\n  4. Auditprogramm erstellen\\r\\n\\\n  5. Auditmappe erstellen (gem. WIS)\\r\\n\\\n  6. Audit durchf\\xC3\\xBChren\\r\\n\\\n  7. Auditbericht erstellen\\r\\n\\\n  8. relevante Dokumente ins WIS hochladen\\r\\n\\\n  9. Auditunterlagen archivieren \\r\\n\\\n  --------------------------------------------------------------\\r\\n\\\n  1. Beauftragung durch QA\\r\\n\\\n  INPUT = E-Mail und Datensatz im WIS ca. 4 Monate vor dem Audit-Solltermin\\r\\n\\\n  In der \\\"Beauftragung\\\" und dem \\\"Kundenstammblatt\\\"   sind alle relevanten Unternehmensinfos enthalten. \\r\\n\\\n  \\r\\n\\\n  2. Terminkoordination mit dem Kunden\\r\\n\\\n  Mit dem Kunden ist umgehend Kontakt aufzunehmen und ein Termin zu finden (zumindest auf die Woche eingeschr\\xC3\\xA4nkt). Das Stammdatenblatt muss mitgesendet und zur\\xC3\\xBCck gefordert werden.\\r\\n\\\n  Weiters sind seine Auditw\\xC3\\xBCnsche zu erheben (bzw. zumindest ihn darauf hinzuweisen)\\r\\n\\\n  \\r\\n\\\n  3. Terminr\\xC3\\xBCckmeldung an QA (im WIS)\\r\\n\\\n  Der vom Kunden genannte Termin ist ins WIS einzutragen (+ alle weiters geforderten Informationen -> CO-Auditor, Beobachter, Kundenstammblatt)\\r\\n\\\n  \\r\\n\\\n  4. Auditprogramm erstellen\\r\\n\\\n  Ca. 4 Wochen vor dem Audit ist das Auditprogramm zu erstellen und dem Kunden zu senden (Auditpartner eintragen, \\xC3\\x84nderungen /  Erg\\xC3\\xA4nzungen usw)\\r\\n\\\n  \\r\\n\\\n  5. Auditmappe erstellen (gem. WIS)\\r\\n\\\n  Im WIS bereitgestellte Auditdokumente ausdrucken und in der Auditmappe je register ablegen\\r\\n\\\n  Auditcheckliste ninden und ebenfalls in Auditmappe einordnen.\\r\\n\\\n  Schreibunterlagen + Visitenkarten mitnehmen (rote QA-Tasche)\\r\\n\\\n  \\r\\n\\\n  6. Audit durchf\\xC3\\xBChren\\r\\n\\\n  gem. Regelungen der QA\\r\\n\\\n  \\r\\n\\\n  7. Auditbericht erstellen\\r\\n\\\n  Innerhalb von 2 Wochen muss der Auditbericht erstellt werden.\\r\\n\\\n  \\r\\n\\\n  8. relevante Dokumente ins WIS hochladen\\r\\n\\\n  je Auditart im WIS upzuloadente Dokumente erstellen, einscannen und uploaden\\r\\n\\\n  \\r\\n\\\n  9. Auditunterlagen archivieren \\r\\n\\\n  Ablage aller papierdokum,ente im Kundenordner (gelb).\\r\\n \\r\\n\\\n  \\r\\n\\\n  \\r\\n\"\ncreated_at: 2012-10-13 15:20:54 Z\nupdated_at: 2013-02-22 08:04:49 Z\nx: 650\ny: 250\ncreated_by: 2\nupdated_by: 1\narea: Consulting\nid: 32\n','2013-02-22 08:05:02','--- !map:ActiveSupport::HashWithIndifferentAccess \ndescription: \n- \"# Beauftragung durch QA (via WIS)\\r\\n\\\n  2. Terminkoordination mit dem Kunden\\r\\n\\\n  3. Terminr\\xC3\\xBCckmeldung an QA (im WIS)\\r\\n\\\n  4. Auditprogramm erstellen\\r\\n\\\n  5. Auditmappe erstellen (gem. WIS)\\r\\n\\\n  6. Audit durchf\\xC3\\xBChren\\r\\n\\\n  7. Auditbericht erstellen\\r\\n\\\n  8. relevante Dokumente ins WIS hochladen\\r\\n\\\n  9. Auditunterlagen archivieren \\r\\n\\\n  --------------------------------------------------------------\\r\\n\\\n  1. Beauftragung durch QA\\r\\n\\\n  INPUT = E-Mail und Datensatz im WIS ca. 4 Monate vor dem Audit-Solltermin\\r\\n\\\n  In der \\\"Beauftragung\\\" und dem \\\"Kundenstammblatt\\\"   sind alle relevanten Unternehmensinfos enthalten. \\r\\n\\\n  \\r\\n\\\n  2. Terminkoordination mit dem Kunden\\r\\n\\\n  Mit dem Kunden ist umgehend Kontakt aufzunehmen und ein Termin zu finden (zumindest auf die Woche eingeschr\\xC3\\xA4nkt). Das Stammdatenblatt muss mitgesendet und zur\\xC3\\xBCck gefordert werden.\\r\\n\\\n  Weiters sind seine Auditw\\xC3\\xBCnsche zu erheben (bzw. zumindest ihn darauf hinzuweisen)\\r\\n\\\n  \\r\\n\\\n  3. Terminr\\xC3\\xBCckmeldung an QA (im WIS)\\r\\n\\\n  Der vom Kunden genannte Termin ist ins WIS einzutragen (+ alle weiters geforderten Informationen -> CO-Auditor, Beobachter, Kundenstammblatt)\\r\\n\\\n  \\r\\n\\\n  4. Auditprogramm erstellen\\r\\n\\\n  Ca. 4 Wochen vor dem Audit ist das Auditprogramm zu erstellen und dem Kunden zu senden (Auditpartner eintragen, \\xC3\\x84nderungen /  Erg\\xC3\\xA4nzungen usw)\\r\\n\\\n  \\r\\n\\\n  5. Auditmappe erstellen (gem. WIS)\\r\\n\\\n  Im WIS bereitgestellte Auditdokumente ausdrucken und in der Auditmappe je register ablegen\\r\\n\\\n  Auditcheckliste ninden und ebenfalls in Auditmappe einordnen.\\r\\n\\\n  Schreibunterlagen + Visitenkarten mitnehmen (rote QA-Tasche)\\r\\n\\\n  \\r\\n\\\n  6. Audit durchf\\xC3\\xBChren\\r\\n\\\n  gem. Regelungen der QA\\r\\n\\\n  \\r\\n\\\n  7. Auditbericht erstellen\\r\\n\\\n  Innerhalb von 2 Wochen muss der Auditbericht erstellt werden.\\r\\n\\\n  \\r\\n\\\n  8. relevante Dokumente ins WIS hochladen\\r\\n\\\n  je Auditart im WIS upzuloadente Dokumente erstellen, einscannen und uploaden\\r\\n\\\n  \\r\\n\\\n  9. Auditunterlagen archivieren \\r\\n\\\n  Ablage aller papierdokum,ente im Kundenordner (gelb).\\r\\n \\r\\n\\\n  \\r\\n\\\n  \\r\\n\"\n- \"1. Beauftragung durch QA (via WIS)\\r\\n\\\n  2. Terminkoordination mit dem Kunden\\r\\n\\\n  3. Terminr\\xC3\\xBCckmeldung an QA (im WIS)\\r\\n\\\n  4. Auditprogramm erstellen\\r\\n\\\n  5. Auditmappe erstellen (gem. WIS)\\r\\n\\\n  6. Audit durchf\\xC3\\xBChren\\r\\n\\\n  7. Auditbericht erstellen\\r\\n\\\n  8. relevante Dokumente ins WIS hochladen\\r\\n\\\n  9. Auditunterlagen archivieren \\r\\n\\\n  --------------------------------------------------------------\\r\\n\\\n  1. Beauftragung durch QA\\r\\n\\\n  INPUT = E-Mail und Datensatz im WIS ca. 4 Monate vor dem Audit-Solltermin\\r\\n\\\n  In der \\\"Beauftragung\\\" und dem \\\"Kundenstammblatt\\\"   sind alle relevanten Unternehmensinfos enthalten. \\r\\n\\\n  \\r\\n\\\n  2. Terminkoordination mit dem Kunden\\r\\n\\\n  Mit dem Kunden ist umgehend Kontakt aufzunehmen und ein Termin zu finden (zumindest auf die Woche eingeschr\\xC3\\xA4nkt). Das Stammdatenblatt muss mitgesendet und zur\\xC3\\xBCck gefordert werden.\\r\\n\\\n  Weiters sind seine Auditw\\xC3\\xBCnsche zu erheben (bzw. zumindest ihn darauf hinzuweisen)\\r\\n\\\n  \\r\\n\\\n  3. Terminr\\xC3\\xBCckmeldung an QA (im WIS)\\r\\n\\\n  Der vom Kunden genannte Termin ist ins WIS einzutragen (+ alle weiters geforderten Informationen -> CO-Auditor, Beobachter, Kundenstammblatt)\\r\\n\\\n  \\r\\n\\\n  4. Auditprogramm erstellen\\r\\n\\\n  Ca. 4 Wochen vor dem Audit ist das Auditprogramm zu erstellen und dem Kunden zu senden (Auditpartner eintragen, \\xC3\\x84nderungen /  Erg\\xC3\\xA4nzungen usw)\\r\\n\\\n  \\r\\n\\\n  5. Auditmappe erstellen (gem. WIS)\\r\\n\\\n  Im WIS bereitgestellte Auditdokumente ausdrucken und in der Auditmappe je register ablegen\\r\\n\\\n  Auditcheckliste ninden und ebenfalls in Auditmappe einordnen.\\r\\n\\\n  Schreibunterlagen + Visitenkarten mitnehmen (rote QA-Tasche)\\r\\n\\\n  \\r\\n\\\n  6. Audit durchf\\xC3\\xBChren\\r\\n\\\n  gem. Regelungen der QA\\r\\n\\\n  \\r\\n\\\n  7. Auditbericht erstellen\\r\\n\\\n  Innerhalb von 2 Wochen muss der Auditbericht erstellt werden.\\r\\n\\\n  \\r\\n\\\n  8. relevante Dokumente ins WIS hochladen\\r\\n\\\n  je Auditart im WIS upzuloadente Dokumente erstellen, einscannen und uploaden\\r\\n\\\n  \\r\\n\\\n  9. Auditunterlagen archivieren \\r\\n\\\n  Ablage aller papierdokum,ente im Kundenordner (gelb).\\r\\n \\r\\n\\\n  \\r\\n\\\n  \\r\\n\"\n'),(147,'User',1,'update',NULL,'--- \nemail: stefan.haslinger@mittenin.at\nencrypted_password: $2a$10$3L45lBdKevWJbdMB67Ll6eMfPkb5xJoge9zcDZDkd7c0AR67DDstC\nreset_password_token: \nreset_password_sent_at: \nremember_created_at: \nsign_in_count: 71\ncurrent_sign_in_at: 2013-02-22 07:56:31 Z\nlast_sign_in_at: 2013-02-21 16:56:29 Z\ncurrent_sign_in_ip: 194.166.106.33\nlast_sign_in_ip: 194.166.106.33\npassword_salt: \ncreated_at: 2012-09-13 08:32:15 Z\nupdated_at: 2013-02-22 07:56:31 Z\nfirstname: Stefan\nlastname: Testsystem\nparent_id: \nancestry: \nid: 1\n','2013-02-22 21:49:25','--- !map:ActiveSupport::HashWithIndifferentAccess \nremember_created_at: \n- \n- 2013-02-22 21:49:24.933852 Z\n'),(148,'User',1,'update',NULL,'--- \nemail: stefan.haslinger@mittenin.at\nencrypted_password: $2a$10$3L45lBdKevWJbdMB67Ll6eMfPkb5xJoge9zcDZDkd7c0AR67DDstC\nreset_password_token: \nreset_password_sent_at: \nremember_created_at: 2013-02-22 21:49:24.933852 Z\nsign_in_count: 71\ncurrent_sign_in_at: 2013-02-22 07:56:31 Z\nlast_sign_in_at: 2013-02-21 16:56:29 Z\ncurrent_sign_in_ip: 194.166.106.33\nlast_sign_in_ip: 194.166.106.33\npassword_salt: \ncreated_at: 2012-09-13 08:32:15 Z\nupdated_at: 2013-02-22 21:49:25.230898 Z\nfirstname: Stefan\nlastname: Testsystem\nparent_id: \nancestry: \nid: 1\n','2013-02-22 21:49:25','--- !map:ActiveSupport::HashWithIndifferentAccess \nlast_sign_in_at: \n- 2013-02-21 16:56:29 Z\n- &id001 2013-02-22 07:56:31 Z\ncurrent_sign_in_at: \n- *id001\n- 2013-02-22 21:49:25.375661 Z\ncurrent_sign_in_ip: \n- 194.166.106.33\n- 91.115.175.17\nsign_in_count: \n- 71\n- 72\n'),(149,'User',29,'create','1',NULL,'2013-02-22 21:50:07','--- !map:ActiveSupport::HashWithIndifferentAccess \nemail: \n- \"\"\n- stefan.haslinger@gmx.at\nencrypted_password: \n- \"\"\n- $2a$10$rUZgFF8ns27P/MSeTZaDQuvyDwTiTYf.rb8TndbdhvA8hf1wr3nc6\nfirstname: \n- \n- Stefan\nlastname: \n- \n- Haslinger\nancestry: \n- \n- \"1\"\ncreated_at: \n- \n- &id001 2013-02-22 21:50:07.649942 Z\nupdated_at: \n- \n- *id001\nid: \n- \n- 29\n'),(150,'User',1,'update','1','--- \nemail: stefan.haslinger@mittenin.at\nencrypted_password: $2a$10$3L45lBdKevWJbdMB67Ll6eMfPkb5xJoge9zcDZDkd7c0AR67DDstC\nreset_password_token: \nreset_password_sent_at: \nremember_created_at: 2013-02-22 21:49:24 Z\nsign_in_count: 72\ncurrent_sign_in_at: 2013-02-22 21:49:25 Z\nlast_sign_in_at: 2013-02-22 07:56:31 Z\ncurrent_sign_in_ip: 91.115.175.17\nlast_sign_in_ip: 194.166.106.33\npassword_salt: \ncreated_at: 2012-09-13 08:32:15 Z\nupdated_at: 2013-02-22 21:49:25 Z\nfirstname: Stefan\nlastname: Testsystem\nparent_id: \nancestry: \nid: 1\n','2013-02-23 08:33:36','--- !map:ActiveSupport::HashWithIndifferentAccess \nlast_sign_in_at: \n- 2013-02-22 07:56:31 Z\n- &id001 2013-02-22 21:49:25 Z\ncurrent_sign_in_at: \n- *id001\n- 2013-02-23 08:33:36.821414 Z\nlast_sign_in_ip: \n- 194.166.106.33\n- 91.115.175.17\nsign_in_count: \n- 72\n- 73\n'),(151,'User',2,'update','1','--- \nemail: walter.kalcher@chello.at\nencrypted_password: $2a$10$zTWKfyGh91M7CoILNaH26ObSxMcUCH4gC2HndIKKXS0s/WnentTB.\nreset_password_token: 9WuZQWkKesNtzKUinLpB\nreset_password_sent_at: 2013-01-23 16:59:44 Z\nremember_created_at: 2013-02-22 07:45:22 Z\nsign_in_count: 37\ncurrent_sign_in_at: 2013-02-22 07:45:22 Z\nlast_sign_in_at: 2013-02-20 12:36:20 Z\ncurrent_sign_in_ip: 84.114.48.239\nlast_sign_in_ip: 84.114.48.239\npassword_salt: \ncreated_at: 2012-09-18 08:15:20 Z\nupdated_at: 2013-02-22 07:45:22 Z\nfirstname: Walter\nlastname: Kalcher\nparent_id: \nancestry: \nid: 2\n','2013-02-23 16:12:44','--- !map:ActiveSupport::HashWithIndifferentAccess \nlast_sign_in_at: \n- 2013-02-20 12:36:20 Z\n- &id001 2013-02-22 07:45:22 Z\ncurrent_sign_in_at: \n- *id001\n- 2013-02-23 16:12:44.583521 Z\nsign_in_count: \n- 37\n- 38\n'),(152,'User',1,'update','2','--- \nemail: stefan.haslinger@mittenin.at\nencrypted_password: $2a$10$3L45lBdKevWJbdMB67Ll6eMfPkb5xJoge9zcDZDkd7c0AR67DDstC\nreset_password_token: \nreset_password_sent_at: \nremember_created_at: 2013-02-22 21:49:24 Z\nsign_in_count: 73\ncurrent_sign_in_at: 2013-02-23 08:33:36 Z\nlast_sign_in_at: 2013-02-22 21:49:25 Z\ncurrent_sign_in_ip: 91.115.175.17\nlast_sign_in_ip: 91.115.175.17\npassword_salt: \ncreated_at: 2012-09-13 08:32:15 Z\nupdated_at: 2013-02-23 08:33:36 Z\nfirstname: Stefan\nlastname: Testsystem\nparent_id: \nancestry: \nid: 1\n','2013-02-23 18:33:23','--- !map:ActiveSupport::HashWithIndifferentAccess \nlast_sign_in_at: \n- 2013-02-22 21:49:25 Z\n- &id001 2013-02-23 08:33:36 Z\ncurrent_sign_in_at: \n- *id001\n- 2013-02-23 18:33:23.066710 Z\ncurrent_sign_in_ip: \n- 91.115.175.17\n- 91.115.175.20\nsign_in_count: \n- 73\n- 74\n'),(153,'User',1,'update','1','--- \nemail: stefan.haslinger@mittenin.at\nencrypted_password: $2a$10$3L45lBdKevWJbdMB67Ll6eMfPkb5xJoge9zcDZDkd7c0AR67DDstC\nreset_password_token: \nreset_password_sent_at: \nremember_created_at: 2013-02-22 21:49:24 Z\nsign_in_count: 74\ncurrent_sign_in_at: 2013-02-23 18:33:23 Z\nlast_sign_in_at: 2013-02-23 08:33:36 Z\ncurrent_sign_in_ip: 91.115.175.20\nlast_sign_in_ip: 91.115.175.17\npassword_salt: \ncreated_at: 2012-09-13 08:32:15 Z\nupdated_at: 2013-02-23 18:33:23 Z\nfirstname: Stefan\nlastname: Testsystem\nparent_id: \nancestry: \nid: 1\n','2013-02-23 18:34:48','--- !map:ActiveSupport::HashWithIndifferentAccess \nlastname: \n- Testsystem\n- Testsystem (admin)\n'),(154,'User',29,'update','1','--- \nemail: stefan.haslinger@gmx.at\nencrypted_password: $2a$10$rUZgFF8ns27P/MSeTZaDQuvyDwTiTYf.rb8TndbdhvA8hf1wr3nc6\nreset_password_token: \nreset_password_sent_at: \nremember_created_at: \nsign_in_count: 0\ncurrent_sign_in_at: \nlast_sign_in_at: \ncurrent_sign_in_ip: \nlast_sign_in_ip: \npassword_salt: \ncreated_at: 2013-02-22 21:50:07 Z\nupdated_at: 2013-02-22 21:50:07 Z\nfirstname: Stefan\nlastname: Haslinger\nparent_id: \nancestry: \"1\"\nid: 29\n','2013-02-23 18:35:15','--- !map:ActiveSupport::HashWithIndifferentAccess \nlastname: \n- Haslinger\n- Testsystem (admin)\n'),(155,'User',29,'destroy','1','--- \nemail: stefan.haslinger@gmx.at\nencrypted_password: $2a$10$rUZgFF8ns27P/MSeTZaDQuvyDwTiTYf.rb8TndbdhvA8hf1wr3nc6\nreset_password_token: \nreset_password_sent_at: \nremember_created_at: \nsign_in_count: 0\ncurrent_sign_in_at: \nlast_sign_in_at: \ncurrent_sign_in_ip: \nlast_sign_in_ip: \npassword_salt: \ncreated_at: 2013-02-22 21:50:07 Z\nupdated_at: 2013-02-23 18:35:15 Z\nfirstname: Stefan\nlastname: Testsystem (admin)\nparent_id: \nancestry: \"1\"\nid: 29\n','2013-02-23 18:35:47',NULL),(156,'User',28,'update','1','--- \nemail: stefan.haslinger@informatom.com\nencrypted_password: $2a$10$.DaXkEArDALcypOCkq4RAeIpfvNSIiqNIancJOSCO9xgmJ4eOqtp2\nreset_password_token: \nreset_password_sent_at: \nremember_created_at: \nsign_in_count: 2\ncurrent_sign_in_at: 2013-02-21 16:55:45 Z\nlast_sign_in_at: 2013-02-20 13:54:42 Z\ncurrent_sign_in_ip: 194.166.106.33\nlast_sign_in_ip: 178.191.172.170\npassword_salt: \ncreated_at: 2013-02-20 13:54:16 Z\nupdated_at: 2013-02-21 16:56:22 Z\nfirstname: Stefan\nlastname: Haslinger (User)\nparent_id: \nancestry: \nid: 28\n','2013-02-23 18:36:03','--- !map:ActiveSupport::HashWithIndifferentAccess \nlastname: \n- Haslinger (User)\n- Testsystem (QM)\n'),(157,'User',1,'update',NULL,'--- \nemail: stefan.haslinger@mittenin.at\nencrypted_password: $2a$10$3L45lBdKevWJbdMB67Ll6eMfPkb5xJoge9zcDZDkd7c0AR67DDstC\nreset_password_token: \nreset_password_sent_at: \nremember_created_at: 2013-02-22 21:49:24 Z\nsign_in_count: 74\ncurrent_sign_in_at: 2013-02-23 18:33:23 Z\nlast_sign_in_at: 2013-02-23 08:33:36 Z\ncurrent_sign_in_ip: 91.115.175.20\nlast_sign_in_ip: 91.115.175.17\npassword_salt: \ncreated_at: 2012-09-13 08:32:15 Z\nupdated_at: 2013-02-23 18:34:48 Z\nfirstname: Stefan\nlastname: Testsystem (admin)\nparent_id: \nancestry: \nid: 1\n','2013-02-24 07:08:30','--- !map:ActiveSupport::HashWithIndifferentAccess \nlast_sign_in_at: \n- 2013-02-23 08:33:36 Z\n- &id001 2013-02-23 18:33:23 Z\ncurrent_sign_in_at: \n- *id001\n- 2013-02-24 07:08:30.124013 Z\nlast_sign_in_ip: \n- 91.115.175.17\n- 91.115.175.20\nsign_in_count: \n- 74\n- 75\n'),(158,'User',1,'update','1','--- \nemail: stefan.haslinger@mittenin.at\nencrypted_password: $2a$10$3L45lBdKevWJbdMB67Ll6eMfPkb5xJoge9zcDZDkd7c0AR67DDstC\nreset_password_token: \nreset_password_sent_at: \nremember_created_at: 2013-02-22 21:49:24 Z\nsign_in_count: 75\ncurrent_sign_in_at: 2013-02-24 07:08:30 Z\nlast_sign_in_at: 2013-02-23 18:33:23 Z\ncurrent_sign_in_ip: 91.115.175.20\nlast_sign_in_ip: 91.115.175.20\npassword_salt: \ncreated_at: 2012-09-13 08:32:15 Z\nupdated_at: 2013-02-24 07:08:30 Z\nfirstname: Stefan\nlastname: Testsystem (admin)\nparent_id: \nancestry: \nid: 1\n','2013-02-24 07:13:01','--- !map:ActiveSupport::HashWithIndifferentAccess \nremember_created_at: \n- 2013-02-22 21:49:24 Z\n- \n'),(159,'User',28,'update',NULL,'--- \nemail: stefan.haslinger@informatom.com\nencrypted_password: $2a$10$.DaXkEArDALcypOCkq4RAeIpfvNSIiqNIancJOSCO9xgmJ4eOqtp2\nreset_password_token: \nreset_password_sent_at: \nremember_created_at: \nsign_in_count: 2\ncurrent_sign_in_at: 2013-02-21 16:55:45 Z\nlast_sign_in_at: 2013-02-20 13:54:42 Z\ncurrent_sign_in_ip: 194.166.106.33\nlast_sign_in_ip: 178.191.172.170\npassword_salt: \ncreated_at: 2013-02-20 13:54:16 Z\nupdated_at: 2013-02-23 18:36:03 Z\nfirstname: Stefan\nlastname: Testsystem (QM)\nparent_id: \nancestry: \nid: 28\n','2013-02-24 07:24:26','--- !map:ActiveSupport::HashWithIndifferentAccess \nlast_sign_in_at: \n- 2013-02-20 13:54:42 Z\n- &id001 2013-02-21 16:55:45 Z\ncurrent_sign_in_at: \n- *id001\n- 2013-02-24 07:24:26.364326 Z\nlast_sign_in_ip: \n- 178.191.172.170\n- 194.166.106.33\ncurrent_sign_in_ip: \n- 194.166.106.33\n- 91.115.175.20\nsign_in_count: \n- 2\n- 3\n'),(160,'User',1,'update',NULL,'--- \nemail: stefan.haslinger@mittenin.at\nencrypted_password: $2a$10$3L45lBdKevWJbdMB67Ll6eMfPkb5xJoge9zcDZDkd7c0AR67DDstC\nreset_password_token: \nreset_password_sent_at: \nremember_created_at: \nsign_in_count: 75\ncurrent_sign_in_at: 2013-02-24 07:08:30 Z\nlast_sign_in_at: 2013-02-23 18:33:23 Z\ncurrent_sign_in_ip: 91.115.175.20\nlast_sign_in_ip: 91.115.175.20\npassword_salt: \ncreated_at: 2012-09-13 08:32:15 Z\nupdated_at: 2013-02-24 07:13:01 Z\nfirstname: Stefan\nlastname: Testsystem (admin)\nparent_id: \nancestry: \nid: 1\n','2013-02-24 07:24:43','--- !map:ActiveSupport::HashWithIndifferentAccess \nlast_sign_in_at: \n- 2013-02-23 18:33:23 Z\n- &id001 2013-02-24 07:08:30 Z\ncurrent_sign_in_at: \n- *id001\n- 2013-02-24 07:24:43.377187 Z\nsign_in_count: \n- 75\n- 76\n'),(161,'User',28,'update',NULL,'--- \nemail: stefan.haslinger@informatom.com\nencrypted_password: $2a$10$.DaXkEArDALcypOCkq4RAeIpfvNSIiqNIancJOSCO9xgmJ4eOqtp2\nreset_password_token: \nreset_password_sent_at: \nremember_created_at: \nsign_in_count: 3\ncurrent_sign_in_at: 2013-02-24 07:24:26 Z\nlast_sign_in_at: 2013-02-21 16:55:45 Z\ncurrent_sign_in_ip: 91.115.175.20\nlast_sign_in_ip: 194.166.106.33\npassword_salt: \ncreated_at: 2013-02-20 13:54:16 Z\nupdated_at: 2013-02-24 07:24:26 Z\nfirstname: Stefan\nlastname: Testsystem (QM)\nparent_id: \nancestry: \nid: 28\n','2013-02-24 07:27:35','--- !map:ActiveSupport::HashWithIndifferentAccess \nlast_sign_in_at: \n- 2013-02-21 16:55:45 Z\n- &id001 2013-02-24 07:24:26 Z\ncurrent_sign_in_at: \n- *id001\n- 2013-02-24 07:27:35.116883 Z\nlast_sign_in_ip: \n- 194.166.106.33\n- 91.115.175.20\nsign_in_count: \n- 3\n- 4\n'),(162,'User',2,'update','28','--- \nemail: walter.kalcher@chello.at\nencrypted_password: $2a$10$zTWKfyGh91M7CoILNaH26ObSxMcUCH4gC2HndIKKXS0s/WnentTB.\nreset_password_token: 9WuZQWkKesNtzKUinLpB\nreset_password_sent_at: 2013-01-23 16:59:44 Z\nremember_created_at: 2013-02-22 07:45:22 Z\nsign_in_count: 38\ncurrent_sign_in_at: 2013-02-23 16:12:44 Z\nlast_sign_in_at: 2013-02-22 07:45:22 Z\ncurrent_sign_in_ip: 84.114.48.239\nlast_sign_in_ip: 84.114.48.239\npassword_salt: \ncreated_at: 2012-09-18 08:15:20 Z\nupdated_at: 2013-02-23 16:12:44 Z\nfirstname: Walter\nlastname: Kalcher\nparent_id: \nancestry: \nid: 2\n','2013-02-24 16:26:43','--- !map:ActiveSupport::HashWithIndifferentAccess \nlast_sign_in_at: \n- 2013-02-22 07:45:22 Z\n- &id001 2013-02-23 16:12:44 Z\ncurrent_sign_in_at: \n- *id001\n- 2013-02-24 16:26:43.160291 Z\nsign_in_count: \n- 38\n- 39\n'),(163,'User',2,'update','2','--- \nemail: walter.kalcher@chello.at\nencrypted_password: $2a$10$zTWKfyGh91M7CoILNaH26ObSxMcUCH4gC2HndIKKXS0s/WnentTB.\nreset_password_token: 9WuZQWkKesNtzKUinLpB\nreset_password_sent_at: 2013-01-23 16:59:44 Z\nremember_created_at: 2013-02-22 07:45:22 Z\nsign_in_count: 39\ncurrent_sign_in_at: 2013-02-24 16:26:43 Z\nlast_sign_in_at: 2013-02-23 16:12:44 Z\ncurrent_sign_in_ip: 84.114.48.239\nlast_sign_in_ip: 84.114.48.239\npassword_salt: \ncreated_at: 2012-09-18 08:15:20 Z\nupdated_at: 2013-02-24 16:26:43 Z\nfirstname: Walter\nlastname: Kalcher\nparent_id: \nancestry: \nid: 2\n','2013-02-24 16:28:34','--- !map:ActiveSupport::HashWithIndifferentAccess \nremember_created_at: \n- 2013-02-22 07:45:22 Z\n- \n'),(164,'User',2,'update',NULL,'--- \nemail: walter.kalcher@chello.at\nencrypted_password: $2a$10$zTWKfyGh91M7CoILNaH26ObSxMcUCH4gC2HndIKKXS0s/WnentTB.\nreset_password_token: 9WuZQWkKesNtzKUinLpB\nreset_password_sent_at: 2013-01-23 16:59:44 Z\nremember_created_at: \nsign_in_count: 39\ncurrent_sign_in_at: 2013-02-24 16:26:43 Z\nlast_sign_in_at: 2013-02-23 16:12:44 Z\ncurrent_sign_in_ip: 84.114.48.239\nlast_sign_in_ip: 84.114.48.239\npassword_salt: \ncreated_at: 2012-09-18 08:15:20 Z\nupdated_at: 2013-02-24 16:28:34 Z\nfirstname: Walter\nlastname: Kalcher\nparent_id: \nancestry: \nid: 2\n','2013-02-24 16:30:01','--- !map:ActiveSupport::HashWithIndifferentAccess \nlast_sign_in_at: \n- 2013-02-23 16:12:44 Z\n- &id001 2013-02-24 16:26:43 Z\ncurrent_sign_in_at: \n- *id001\n- 2013-02-24 16:30:01.595289 Z\nsign_in_count: \n- 39\n- 40\n'),(165,'User',30,'create','2',NULL,'2013-02-24 16:33:24','--- !map:ActiveSupport::HashWithIndifferentAccess \nemail: \n- \"\"\n- orlik@orlik.at\nencrypted_password: \n- \"\"\n- $2a$10$WvhZ7ngHAke3oKK22twe7.3dyBacx.JIrvJ9r7ubdBblZ8dMHvS6G\nfirstname: \n- \n- Wolfgang A.\nlastname: \n- \n- Orlik\ncreated_at: \n- \n- &id001 2013-02-24 16:33:24.956357 Z\nupdated_at: \n- \n- *id001\nid: \n- \n- 30\n'),(166,'BusinessProcess',18,'update','2','--- \nname: Fakturierung + Dokumente\ncompany_id: 3\nparent_id: \nancestry: 7/6\npurpose: \"\"\nnumber: \"\"\nowner_id: 2\naims: \"\"\nprocess_class_id: 2\ndescription: \"\"\ncreated_at: 2012-10-04 07:34:36 Z\nupdated_at: 2012-10-13 15:21:27 Z\nx: 825\ny: 225\ncreated_by: \nupdated_by: \narea: \nid: 18\n','2013-02-24 16:34:49','--- !map:ActiveSupport::HashWithIndifferentAccess \nx: \n- 825\n- 1200\ny: \n- 225\n- 300\n'),(167,'BusinessProcess',8,'update','2','--- \nname: Angebot\ncompany_id: 3\nparent_id: \nancestry: 7/6\npurpose: Klarstellung der Angebotserstellung\nnumber: \"123\"\nowner_id: 2\naims: \"richtige Angebote legen und hohe Auftragswahrscheinlichkeit herstellen \"\nprocess_class_id: 2\ndescription: \"\"\ncreated_at: 2012-10-04 06:55:24 Z\nupdated_at: 2012-10-11 14:37:27 Z\nx: 325\ny: 300\ncreated_by: \nupdated_by: 1\narea: \"G\\xC3\\xBCltigkeitsbereich\"\nid: 8\n','2013-02-24 16:34:51','--- !map:ActiveSupport::HashWithIndifferentAccess \nx: \n- 325\n- 475\ny: \n- 300\n- 250\n'),(168,'BusinessProcess',14,'update','2','--- \nname: Auftrag\ncompany_id: 3\nparent_id: \nancestry: 7/6\npurpose: \"\"\nnumber: \"\"\nowner_id: 2\naims: \"\"\nprocess_class_id: 2\ndescription: \"\"\ncreated_at: 2012-10-04 07:32:47 Z\nupdated_at: 2012-10-04 12:57:18 Z\nx: 475\ny: 300\ncreated_by: \nupdated_by: \narea: \nid: 14\n','2013-02-24 16:34:53','--- !map:ActiveSupport::HashWithIndifferentAccess \nx: \n- 475\n- 625\ny: \n- 300\n- 250\n'),(169,'BusinessProcess',16,'update','2','--- \nname: Kommissionierung\ncompany_id: 3\nparent_id: \nancestry: 7/6\npurpose: \"\"\nnumber: \"\"\nowner_id: 2\naims: \"\"\nprocess_class_id: 2\ndescription: \"\"\ncreated_at: 2012-10-04 07:33:49 Z\nupdated_at: 2012-10-04 11:32:29 Z\nx: 650\ny: 300\ncreated_by: \nupdated_by: \narea: \nid: 16\n','2013-02-24 16:34:56','--- !map:ActiveSupport::HashWithIndifferentAccess \nx: \n- 650\n- 775\ny: \n- 300\n- 250\n'),(170,'BusinessProcess',17,'update','2','--- \nname: Lieferung\ncompany_id: 3\nparent_id: \nancestry: 7/6\npurpose: \"\"\nnumber: \"\"\nowner_id: 2\naims: \"\"\nprocess_class_id: 2\ndescription: \"\"\ncreated_at: 2012-10-04 07:34:11 Z\nupdated_at: 2012-10-04 12:57:37 Z\nx: 725\ny: 350\ncreated_by: \nupdated_by: \narea: \nid: 17\n','2013-02-24 16:34:58','--- !map:ActiveSupport::HashWithIndifferentAccess \nx: \n- 725\n- 975\ny: \n- 350\n- 250\n'),(171,'BusinessProcess',18,'update','2','--- \nname: Fakturierung + Dokumente\ncompany_id: 3\nparent_id: \nancestry: 7/6\npurpose: \"\"\nnumber: \"\"\nowner_id: 2\naims: \"\"\nprocess_class_id: 2\ndescription: \"\"\ncreated_at: 2012-10-04 07:34:36 Z\nupdated_at: 2013-02-24 16:34:49 Z\nx: 1200\ny: 300\ncreated_by: \nupdated_by: \narea: \nid: 18\n','2013-02-24 16:35:00','--- !map:ActiveSupport::HashWithIndifferentAccess \nx: \n- 1200\n- 1125\ny: \n- 300\n- 250\n'),(172,'BusinessProcess',15,'update','2','--- \nname: Beschaffung\ncompany_id: 3\nparent_id: \nancestry: 7/6\npurpose: \"\"\nnumber: \"\"\nowner_id: 2\naims: \"\"\nprocess_class_id: 2\ndescription: \"\"\ncreated_at: 2012-10-04 07:33:24 Z\nupdated_at: 2012-10-04 12:57:36 Z\nx: 525\ny: 350\ncreated_by: \nupdated_by: \narea: \nid: 15\n','2013-02-24 16:35:02','--- !map:ActiveSupport::HashWithIndifferentAccess \nx: \n- 525\n- 775\ny: \n- 350\n- 325\n'),(173,'BusinessProcess',11,'update','2','--- \nname: Prozess 2\ncompany_id: 3\nparent_id: \nancestry: 7/6\npurpose: \"\"\nnumber: \"\"\nowner_id: 2\naims: \"\"\nprocess_class_id: 2\ndescription: \"\"\ncreated_at: 2012-10-04 07:22:06 Z\nupdated_at: 2012-10-04 11:32:39 Z\nx: 1175\ny: 200\ncreated_by: \nupdated_by: \narea: \nid: 11\n','2013-02-24 16:35:04','--- !map:ActiveSupport::HashWithIndifferentAccess \nx: \n- 1175\n- 475\ny: \n- 200\n- 375\n'),(174,'User',2,'update',NULL,'--- \nemail: walter.kalcher@chello.at\nencrypted_password: $2a$10$zTWKfyGh91M7CoILNaH26ObSxMcUCH4gC2HndIKKXS0s/WnentTB.\nreset_password_token: 9WuZQWkKesNtzKUinLpB\nreset_password_sent_at: 2013-01-23 16:59:44 Z\nremember_created_at: \nsign_in_count: 40\ncurrent_sign_in_at: 2013-02-24 16:30:01 Z\nlast_sign_in_at: 2013-02-24 16:26:43 Z\ncurrent_sign_in_ip: 84.114.48.239\nlast_sign_in_ip: 84.114.48.239\npassword_salt: \ncreated_at: 2012-09-18 08:15:20 Z\nupdated_at: 2013-02-24 16:30:01 Z\nfirstname: Walter\nlastname: Kalcher\nparent_id: \nancestry: \nid: 2\n','2013-02-25 11:12:32','--- !map:ActiveSupport::HashWithIndifferentAccess \nlast_sign_in_at: \n- 2013-02-24 16:26:43 Z\n- &id001 2013-02-24 16:30:01 Z\ncurrent_sign_in_at: \n- *id001\n- 2013-02-25 11:12:32.006178 Z\ncurrent_sign_in_ip: \n- 84.114.48.239\n- 88.116.141.230\nsign_in_count: \n- 40\n- 41\n'),(175,'BusinessProcess',33,'create','2',NULL,'2013-02-25 11:18:44','--- !map:ActiveSupport::HashWithIndifferentAccess \nname: \n- \n- orlik\ncompany_id: \n- \n- 3\nancestry: \n- \n- 7/1\npurpose: \n- \n- test\nnumber: \n- \n- \"\"\narea: \n- \n- \"\"\naims: \n- \n- \"\"\nprocess_class_id: \n- \n- 2\ndescription: \n- \n- \"\"\ncreated_by: \n- \n- 2\nupdated_by: \n- \n- 2\ncreated_at: \n- \n- &id001 2013-02-25 11:18:44.031975 Z\nupdated_at: \n- \n- *id001\nid: \n- \n- 33\n'),(176,'User',28,'update',NULL,'---\nemail: stefan.haslinger@informatom.com\nencrypted_password: $2a$10$.DaXkEArDALcypOCkq4RAeIpfvNSIiqNIancJOSCO9xgmJ4eOqtp2\nreset_password_token: !!null \nreset_password_sent_at: !!null \nremember_created_at: !!null \nsign_in_count: 4\ncurrent_sign_in_at: 2013-02-24 07:27:35.000000000Z\nlast_sign_in_at: 2013-02-24 07:24:26.000000000Z\ncurrent_sign_in_ip: 91.115.175.20\nlast_sign_in_ip: 91.115.175.20\npassword_salt: !!null \ncreated_at: 2013-02-20 13:54:16.000000000Z\nupdated_at: 2013-02-24 07:27:35.000000000Z\nfirstname: Stefan\nlastname: Testsystem (QM)\nparent_id: !!null \nancestry: !!null \nid: 28\n','2013-03-02 14:05:42','---\nlast_sign_in_at:\n- 2013-02-24 07:24:26.000000000Z\n- 2013-02-24 07:27:35.000000000Z\ncurrent_sign_in_at:\n- 2013-02-24 07:27:35.000000000Z\n- 2013-03-02 14:05:42.468338565Z\ncurrent_sign_in_ip:\n- 91.115.175.20\n- 178.190.47.146\nsign_in_count:\n- 4\n- 5\n'),(177,'User',28,'update',NULL,'---\nemail: stefan.haslinger@informatom.com\nencrypted_password: $2a$10$.DaXkEArDALcypOCkq4RAeIpfvNSIiqNIancJOSCO9xgmJ4eOqtp2\nreset_password_token: !!null \nreset_password_sent_at: !!null \nremember_created_at: !!null \nsign_in_count: 5\ncurrent_sign_in_at: 2013-03-02 14:05:42.000000000Z\nlast_sign_in_at: 2013-02-24 07:27:35.000000000Z\ncurrent_sign_in_ip: 178.190.47.146\nlast_sign_in_ip: 91.115.175.20\npassword_salt: !!null \ncreated_at: 2013-02-20 13:54:16.000000000Z\nupdated_at: 2013-03-02 14:05:42.000000000Z\nfirstname: Stefan\nlastname: Testsystem (QM)\nparent_id: !!null \nancestry: !!null \nid: 28\n','2013-03-03 10:27:35','---\nlast_sign_in_at:\n- 2013-02-24 07:27:35.000000000Z\n- 2013-03-02 14:05:42.000000000Z\ncurrent_sign_in_at:\n- 2013-03-02 14:05:42.000000000Z\n- 2013-03-03 10:27:35.312446624Z\nlast_sign_in_ip:\n- 91.115.175.20\n- 178.190.47.146\ncurrent_sign_in_ip:\n- 178.190.47.146\n- 178.191.183.228\nsign_in_count:\n- 5\n- 6\n'),(178,'User',1,'update',NULL,'---\nemail: stefan.haslinger@mittenin.at\nencrypted_password: $2a$10$3L45lBdKevWJbdMB67Ll6eMfPkb5xJoge9zcDZDkd7c0AR67DDstC\nreset_password_token: !!null \nreset_password_sent_at: !!null \nremember_created_at: !!null \nsign_in_count: 76\ncurrent_sign_in_at: 2013-02-24 07:24:43.000000000Z\nlast_sign_in_at: 2013-02-24 07:08:30.000000000Z\ncurrent_sign_in_ip: 91.115.175.20\nlast_sign_in_ip: 91.115.175.20\npassword_salt: !!null \ncreated_at: 2012-09-13 08:32:15.000000000Z\nupdated_at: 2013-02-24 07:24:43.000000000Z\nfirstname: Stefan\nlastname: Testsystem (admin)\nparent_id: !!null \nancestry: !!null \nid: 1\n','2013-03-03 10:28:00','---\nlast_sign_in_at:\n- 2013-02-24 07:08:30.000000000Z\n- 2013-02-24 07:24:43.000000000Z\ncurrent_sign_in_at:\n- 2013-02-24 07:24:43.000000000Z\n- 2013-03-03 10:28:00.860585725Z\ncurrent_sign_in_ip:\n- 91.115.175.20\n- 178.191.183.228\nsign_in_count:\n- 76\n- 77\n'),(179,'User',1,'update',NULL,'---\nemail: stefan.haslinger@mittenin.at\nencrypted_password: $2a$10$3L45lBdKevWJbdMB67Ll6eMfPkb5xJoge9zcDZDkd7c0AR67DDstC\nreset_password_token: !!null \nreset_password_sent_at: !!null \nremember_created_at: !!null \nsign_in_count: 77\ncurrent_sign_in_at: 2013-03-03 10:28:00.000000000Z\nlast_sign_in_at: 2013-02-24 07:24:43.000000000Z\ncurrent_sign_in_ip: 178.191.183.228\nlast_sign_in_ip: 91.115.175.20\npassword_salt: !!null \ncreated_at: 2012-09-13 08:32:15.000000000Z\nupdated_at: 2013-03-03 10:28:00.000000000Z\nfirstname: Stefan\nlastname: Testsystem (admin)\nparent_id: !!null \nancestry: !!null \nid: 1\n','2013-03-03 15:29:10','---\nlast_sign_in_at:\n- 2013-02-24 07:24:43.000000000Z\n- 2013-03-03 10:28:00.000000000Z\ncurrent_sign_in_at:\n- 2013-03-03 10:28:00.000000000Z\n- 2013-03-03 15:29:09.984760223Z\nlast_sign_in_ip:\n- 91.115.175.20\n- 178.191.183.228\ncurrent_sign_in_ip:\n- 178.191.183.228\n- 194.166.107.111\nsign_in_count:\n- 77\n- 78\n'),(180,'User',1,'update',NULL,'---\nemail: stefan.haslinger@mittenin.at\nencrypted_password: $2a$10$3L45lBdKevWJbdMB67Ll6eMfPkb5xJoge9zcDZDkd7c0AR67DDstC\nreset_password_token: !!null \nreset_password_sent_at: !!null \nremember_created_at: !!null \nsign_in_count: 78\ncurrent_sign_in_at: 2013-03-03 15:29:09.000000000Z\nlast_sign_in_at: 2013-03-03 10:28:00.000000000Z\ncurrent_sign_in_ip: 194.166.107.111\nlast_sign_in_ip: 178.191.183.228\npassword_salt: !!null \ncreated_at: 2012-09-13 08:32:15.000000000Z\nupdated_at: 2013-03-03 15:29:10.000000000Z\nfirstname: Stefan\nlastname: Testsystem (admin)\nparent_id: !!null \nancestry: !!null \nid: 1\n','2013-03-06 16:37:34','---\nlast_sign_in_at:\n- 2013-03-03 10:28:00.000000000Z\n- 2013-03-03 15:29:09.000000000Z\ncurrent_sign_in_at:\n- 2013-03-03 15:29:09.000000000Z\n- 2013-03-06 16:37:34.179185903Z\nlast_sign_in_ip:\n- 178.191.183.228\n- 194.166.107.111\ncurrent_sign_in_ip:\n- 194.166.107.111\n- 194.166.109.132\nsign_in_count:\n- 78\n- 79\n'),(181,'User',1,'update',NULL,'---\nemail: stefan.haslinger@mittenin.at\nencrypted_password: $2a$10$3L45lBdKevWJbdMB67Ll6eMfPkb5xJoge9zcDZDkd7c0AR67DDstC\nreset_password_token: !!null \nreset_password_sent_at: !!null \nremember_created_at: !!null \nsign_in_count: 79\ncurrent_sign_in_at: 2013-03-06 16:37:34.000000000Z\nlast_sign_in_at: 2013-03-03 15:29:09.000000000Z\ncurrent_sign_in_ip: 194.166.109.132\nlast_sign_in_ip: 194.166.107.111\npassword_salt: !!null \ncreated_at: 2012-09-13 08:32:15.000000000Z\nupdated_at: 2013-03-06 16:37:34.000000000Z\nfirstname: Stefan\nlastname: Testsystem (admin)\nparent_id: !!null \nancestry: !!null \nid: 1\n','2013-03-08 12:59:01','---\nlast_sign_in_at:\n- 2013-03-03 15:29:09.000000000Z\n- 2013-03-06 16:37:34.000000000Z\ncurrent_sign_in_at:\n- 2013-03-06 16:37:34.000000000Z\n- 2013-03-08 12:59:00.994115071Z\nlast_sign_in_ip:\n- 194.166.107.111\n- 194.166.109.132\ncurrent_sign_in_ip:\n- 194.166.109.132\n- 91.115.174.189\nsign_in_count:\n- 79\n- 80\n'),(182,'User',1,'update',NULL,'---\nemail: stefan.haslinger@mittenin.at\nencrypted_password: $2a$10$3L45lBdKevWJbdMB67Ll6eMfPkb5xJoge9zcDZDkd7c0AR67DDstC\nreset_password_token: !!null \nreset_password_sent_at: !!null \nremember_created_at: !!null \nsign_in_count: 80\ncurrent_sign_in_at: 2013-03-08 12:59:00.000000000Z\nlast_sign_in_at: 2013-03-06 16:37:34.000000000Z\ncurrent_sign_in_ip: 91.115.174.189\nlast_sign_in_ip: 194.166.109.132\npassword_salt: !!null \ncreated_at: 2012-09-13 08:32:15.000000000Z\nupdated_at: 2013-03-08 12:59:01.000000000Z\nfirstname: Stefan\nlastname: Testsystem (admin)\nparent_id: !!null \nancestry: !!null \nid: 1\n','2013-03-09 07:36:48','---\nremember_created_at:\n- !!null \n- 2013-03-09 07:36:48.619005645Z\n'),(183,'User',1,'update',NULL,'---\nemail: stefan.haslinger@mittenin.at\nencrypted_password: $2a$10$3L45lBdKevWJbdMB67Ll6eMfPkb5xJoge9zcDZDkd7c0AR67DDstC\nreset_password_token: !!null \nreset_password_sent_at: !!null \nremember_created_at: 2013-03-09 07:36:48.619005645Z\nsign_in_count: 80\ncurrent_sign_in_at: 2013-03-08 12:59:00.000000000Z\nlast_sign_in_at: 2013-03-06 16:37:34.000000000Z\ncurrent_sign_in_ip: 91.115.174.189\nlast_sign_in_ip: 194.166.109.132\npassword_salt: !!null \ncreated_at: 2012-09-13 08:32:15.000000000Z\nupdated_at: 2013-03-09 07:36:48.945218153Z\nfirstname: Stefan\nlastname: Testsystem (admin)\nparent_id: !!null \nancestry: !!null \nid: 1\n','2013-03-09 07:36:49','---\nlast_sign_in_at:\n- 2013-03-06 16:37:34.000000000Z\n- 2013-03-08 12:59:00.000000000Z\ncurrent_sign_in_at:\n- 2013-03-08 12:59:00.000000000Z\n- 2013-03-09 07:36:49.025617985Z\nlast_sign_in_ip:\n- 194.166.109.132\n- 91.115.174.189\ncurrent_sign_in_ip:\n- 91.115.174.189\n- 194.166.105.109\nsign_in_count:\n- 80\n- 81\n'),(184,'User',1,'update',NULL,'---\nemail: stefan.haslinger@mittenin.at\nencrypted_password: $2a$10$3L45lBdKevWJbdMB67Ll6eMfPkb5xJoge9zcDZDkd7c0AR67DDstC\nreset_password_token: !!null \nreset_password_sent_at: !!null \nremember_created_at: 2013-03-09 07:36:48.000000000Z\nsign_in_count: 81\ncurrent_sign_in_at: 2013-03-09 07:36:49.000000000Z\nlast_sign_in_at: 2013-03-08 12:59:00.000000000Z\ncurrent_sign_in_ip: 194.166.105.109\nlast_sign_in_ip: 91.115.174.189\npassword_salt: !!null \ncreated_at: 2012-09-13 08:32:15.000000000Z\nupdated_at: 2013-03-09 07:36:49.000000000Z\nfirstname: Stefan\nlastname: Testsystem (admin)\nparent_id: !!null \nancestry: !!null \nid: 1\n','2013-03-09 18:49:50','---\nlast_sign_in_at:\n- 2013-03-08 12:59:00.000000000Z\n- 2013-03-09 07:36:49.000000000Z\ncurrent_sign_in_at:\n- 2013-03-09 07:36:49.000000000Z\n- 2013-03-09 18:49:50.467099601Z\nlast_sign_in_ip:\n- 91.115.174.189\n- 194.166.105.109\ncurrent_sign_in_ip:\n- 194.166.105.109\n- 178.191.245.121\nsign_in_count:\n- 81\n- 82\n'),(185,'User',2,'update',NULL,'---\nemail: walter.kalcher@chello.at\nencrypted_password: $2a$10$zTWKfyGh91M7CoILNaH26ObSxMcUCH4gC2HndIKKXS0s/WnentTB.\nreset_password_token: 9WuZQWkKesNtzKUinLpB\nreset_password_sent_at: 2013-01-23 16:59:44.000000000Z\nremember_created_at: !!null \nsign_in_count: 41\ncurrent_sign_in_at: 2013-02-25 11:12:32.000000000Z\nlast_sign_in_at: 2013-02-24 16:30:01.000000000Z\ncurrent_sign_in_ip: 88.116.141.230\nlast_sign_in_ip: 84.114.48.239\npassword_salt: !!null \ncreated_at: 2012-09-18 08:15:20.000000000Z\nupdated_at: 2013-02-25 11:12:32.000000000Z\nfirstname: Walter\nlastname: Kalcher\nparent_id: !!null \nancestry: !!null \nid: 2\n','2013-03-11 13:59:45','---\nlast_sign_in_at:\n- 2013-02-24 16:30:01.000000000Z\n- 2013-02-25 11:12:32.000000000Z\ncurrent_sign_in_at:\n- 2013-02-25 11:12:32.000000000Z\n- 2013-03-11 13:59:45.251472320Z\nlast_sign_in_ip:\n- 84.114.48.239\n- 88.116.141.230\ncurrent_sign_in_ip:\n- 88.116.141.230\n- 84.114.48.239\nsign_in_count:\n- 41\n- 42\n'),(186,'User',1,'update',NULL,'---\nemail: stefan.haslinger@mittenin.at\nencrypted_password: $2a$10$3L45lBdKevWJbdMB67Ll6eMfPkb5xJoge9zcDZDkd7c0AR67DDstC\nreset_password_token: !!null \nreset_password_sent_at: !!null \nremember_created_at: 2013-03-09 07:36:48.000000000Z\nsign_in_count: 82\ncurrent_sign_in_at: 2013-03-09 18:49:50.000000000Z\nlast_sign_in_at: 2013-03-09 07:36:49.000000000Z\ncurrent_sign_in_ip: 178.191.245.121\nlast_sign_in_ip: 194.166.105.109\npassword_salt: !!null \ncreated_at: 2012-09-13 08:32:15.000000000Z\nupdated_at: 2013-03-09 18:49:50.000000000Z\nfirstname: Stefan\nlastname: Testsystem (admin)\nparent_id: !!null \nancestry: !!null \nid: 1\n','2013-03-11 14:39:04','---\nlast_sign_in_at:\n- 2013-03-09 07:36:49.000000000Z\n- 2013-03-09 18:49:50.000000000Z\ncurrent_sign_in_at:\n- 2013-03-09 18:49:50.000000000Z\n- 2013-03-11 14:39:04.939317496Z\nlast_sign_in_ip:\n- 194.166.105.109\n- 178.191.245.121\ncurrent_sign_in_ip:\n- 178.191.245.121\n- 178.191.174.174\nsign_in_count:\n- 82\n- 83\n'),(187,'User',2,'update',NULL,'---\nemail: walter.kalcher@chello.at\nencrypted_password: $2a$10$zTWKfyGh91M7CoILNaH26ObSxMcUCH4gC2HndIKKXS0s/WnentTB.\nreset_password_token: 9WuZQWkKesNtzKUinLpB\nreset_password_sent_at: 2013-01-23 16:59:44.000000000Z\nremember_created_at: !!null \nsign_in_count: 42\ncurrent_sign_in_at: 2013-03-11 13:59:45.000000000Z\nlast_sign_in_at: 2013-02-25 11:12:32.000000000Z\ncurrent_sign_in_ip: 84.114.48.239\nlast_sign_in_ip: 88.116.141.230\npassword_salt: !!null \ncreated_at: 2012-09-18 08:15:20.000000000Z\nupdated_at: 2013-03-11 13:59:45.000000000Z\nfirstname: Walter\nlastname: Kalcher\nparent_id: !!null \nancestry: !!null \nid: 2\n','2013-03-11 14:42:57','---\nremember_created_at:\n- !!null \n- 2013-03-11 14:42:57.823332810Z\n'),(188,'User',2,'update',NULL,'---\nemail: walter.kalcher@chello.at\nencrypted_password: $2a$10$zTWKfyGh91M7CoILNaH26ObSxMcUCH4gC2HndIKKXS0s/WnentTB.\nreset_password_token: 9WuZQWkKesNtzKUinLpB\nreset_password_sent_at: 2013-01-23 16:59:44.000000000Z\nremember_created_at: 2013-03-11 14:42:57.823332810Z\nsign_in_count: 42\ncurrent_sign_in_at: 2013-03-11 13:59:45.000000000Z\nlast_sign_in_at: 2013-02-25 11:12:32.000000000Z\ncurrent_sign_in_ip: 84.114.48.239\nlast_sign_in_ip: 88.116.141.230\npassword_salt: !!null \ncreated_at: 2012-09-18 08:15:20.000000000Z\nupdated_at: 2013-03-11 14:42:57.975644948Z\nfirstname: Walter\nlastname: Kalcher\nparent_id: !!null \nancestry: !!null \nid: 2\n','2013-03-11 14:42:58','---\nlast_sign_in_at:\n- 2013-02-25 11:12:32.000000000Z\n- 2013-03-11 13:59:45.000000000Z\ncurrent_sign_in_at:\n- 2013-03-11 13:59:45.000000000Z\n- 2013-03-11 14:42:58.028808116Z\nlast_sign_in_ip:\n- 88.116.141.230\n- 84.114.48.239\nsign_in_count:\n- 42\n- 43\n'),(189,'User',1,'update',NULL,'---\nemail: stefan.haslinger@mittenin.at\nencrypted_password: $2a$10$3L45lBdKevWJbdMB67Ll6eMfPkb5xJoge9zcDZDkd7c0AR67DDstC\nreset_password_token: !!null \nreset_password_sent_at: !!null \nremember_created_at: 2013-03-09 07:36:48.000000000Z\nsign_in_count: 83\ncurrent_sign_in_at: 2013-03-11 14:39:04.000000000Z\nlast_sign_in_at: 2013-03-09 18:49:50.000000000Z\ncurrent_sign_in_ip: 178.191.174.174\nlast_sign_in_ip: 178.191.245.121\npassword_salt: !!null \ncreated_at: 2012-09-13 08:32:15.000000000Z\nupdated_at: 2013-03-11 14:39:04.000000000Z\nfirstname: Stefan\nlastname: Testsystem (admin)\nparent_id: !!null \nancestry: !!null \nid: 1\n','2013-03-11 15:09:14','---\nlast_sign_in_at:\n- 2013-03-09 18:49:50.000000000Z\n- 2013-03-11 14:39:04.000000000Z\ncurrent_sign_in_at:\n- 2013-03-11 14:39:04.000000000Z\n- 2013-03-11 15:09:14.725452695Z\nlast_sign_in_ip:\n- 178.191.245.121\n- 178.191.174.174\nsign_in_count:\n- 83\n- 84\n'),(190,'User',1,'update',NULL,'---\nemail: stefan.haslinger@mittenin.at\nencrypted_password: $2a$10$3L45lBdKevWJbdMB67Ll6eMfPkb5xJoge9zcDZDkd7c0AR67DDstC\nreset_password_token: !!null \nreset_password_sent_at: !!null \nremember_created_at: 2013-03-09 07:36:48.000000000Z\nsign_in_count: 84\ncurrent_sign_in_at: 2013-03-11 15:09:14.000000000Z\nlast_sign_in_at: 2013-03-11 14:39:04.000000000Z\ncurrent_sign_in_ip: 178.191.174.174\nlast_sign_in_ip: 178.191.174.174\npassword_salt: !!null \ncreated_at: 2012-09-13 08:32:15.000000000Z\nupdated_at: 2013-03-11 15:09:14.000000000Z\nfirstname: Stefan\nlastname: Testsystem (admin)\nparent_id: !!null \nancestry: !!null \nid: 1\n','2013-03-11 15:09:30','---\nlast_sign_in_at:\n- 2013-03-11 14:39:04.000000000Z\n- 2013-03-11 15:09:14.000000000Z\ncurrent_sign_in_at:\n- 2013-03-11 15:09:14.000000000Z\n- 2013-03-11 15:09:30.704009419Z\nsign_in_count:\n- 84\n- 85\n'),(191,'User',1,'update',NULL,'---\nemail: stefan.haslinger@mittenin.at\nencrypted_password: $2a$10$3L45lBdKevWJbdMB67Ll6eMfPkb5xJoge9zcDZDkd7c0AR67DDstC\nreset_password_token: !!null \nreset_password_sent_at: !!null \nremember_created_at: 2013-03-09 07:36:48.000000000Z\nsign_in_count: 85\ncurrent_sign_in_at: 2013-03-11 15:09:30.000000000Z\nlast_sign_in_at: 2013-03-11 15:09:14.000000000Z\ncurrent_sign_in_ip: 178.191.174.174\nlast_sign_in_ip: 178.191.174.174\npassword_salt: !!null \ncreated_at: 2012-09-13 08:32:15.000000000Z\nupdated_at: 2013-03-11 15:09:30.000000000Z\nfirstname: Stefan\nlastname: Testsystem (admin)\nparent_id: !!null \nancestry: !!null \nid: 1\n','2013-03-11 15:10:31','---\nlast_sign_in_at:\n- 2013-03-11 15:09:14.000000000Z\n- 2013-03-11 15:09:30.000000000Z\ncurrent_sign_in_at:\n- 2013-03-11 15:09:30.000000000Z\n- 2013-03-11 15:10:31.271289888Z\nsign_in_count:\n- 85\n- 86\n'),(192,'User',1,'update',NULL,'---\nemail: stefan.haslinger@mittenin.at\nencrypted_password: $2a$10$3L45lBdKevWJbdMB67Ll6eMfPkb5xJoge9zcDZDkd7c0AR67DDstC\nreset_password_token: !!null \nreset_password_sent_at: !!null \nremember_created_at: 2013-03-09 07:36:48.000000000Z\nsign_in_count: 86\ncurrent_sign_in_at: 2013-03-11 15:10:31.000000000Z\nlast_sign_in_at: 2013-03-11 15:09:30.000000000Z\ncurrent_sign_in_ip: 178.191.174.174\nlast_sign_in_ip: 178.191.174.174\npassword_salt: !!null \ncreated_at: 2012-09-13 08:32:15.000000000Z\nupdated_at: 2013-03-11 15:10:31.000000000Z\nfirstname: Stefan\nlastname: Testsystem (admin)\nparent_id: !!null \nancestry: !!null \nid: 1\n','2013-03-11 15:10:44','---\nlast_sign_in_at:\n- 2013-03-11 15:09:30.000000000Z\n- 2013-03-11 15:10:31.000000000Z\ncurrent_sign_in_at:\n- 2013-03-11 15:10:31.000000000Z\n- 2013-03-11 15:10:44.572260234Z\nsign_in_count:\n- 86\n- 87\n'),(193,'User',1,'update',NULL,'---\nemail: stefan.haslinger@mittenin.at\nencrypted_password: $2a$10$3L45lBdKevWJbdMB67Ll6eMfPkb5xJoge9zcDZDkd7c0AR67DDstC\nreset_password_token: !!null \nreset_password_sent_at: !!null \nremember_created_at: 2013-03-09 07:36:48.000000000Z\nsign_in_count: 87\ncurrent_sign_in_at: 2013-03-11 15:10:44.000000000Z\nlast_sign_in_at: 2013-03-11 15:10:31.000000000Z\ncurrent_sign_in_ip: 178.191.174.174\nlast_sign_in_ip: 178.191.174.174\npassword_salt: !!null \ncreated_at: 2012-09-13 08:32:15.000000000Z\nupdated_at: 2013-03-11 15:10:44.000000000Z\nfirstname: Stefan\nlastname: Testsystem (admin)\nparent_id: !!null \nancestry: !!null \nid: 1\n','2013-03-11 15:12:04','---\nlast_sign_in_at:\n- 2013-03-11 15:10:31.000000000Z\n- 2013-03-11 15:10:44.000000000Z\ncurrent_sign_in_at:\n- 2013-03-11 15:10:44.000000000Z\n- 2013-03-11 15:12:04.365593096Z\nsign_in_count:\n- 87\n- 88\n'),(194,'User',1,'update',NULL,'---\nemail: stefan.haslinger@mittenin.at\nencrypted_password: $2a$10$3L45lBdKevWJbdMB67Ll6eMfPkb5xJoge9zcDZDkd7c0AR67DDstC\nreset_password_token: !!null \nreset_password_sent_at: !!null \nremember_created_at: 2013-03-09 07:36:48.000000000Z\nsign_in_count: 88\ncurrent_sign_in_at: 2013-03-11 15:12:04.000000000Z\nlast_sign_in_at: 2013-03-11 15:10:44.000000000Z\ncurrent_sign_in_ip: 178.191.174.174\nlast_sign_in_ip: 178.191.174.174\npassword_salt: !!null \ncreated_at: 2012-09-13 08:32:15.000000000Z\nupdated_at: 2013-03-11 15:12:04.000000000Z\nfirstname: Stefan\nlastname: Testsystem (admin)\nparent_id: !!null \nancestry: !!null \nid: 1\n','2013-03-11 15:12:19','---\nlast_sign_in_at:\n- 2013-03-11 15:10:44.000000000Z\n- 2013-03-11 15:12:04.000000000Z\ncurrent_sign_in_at:\n- 2013-03-11 15:12:04.000000000Z\n- 2013-03-11 15:12:19.364666912Z\nsign_in_count:\n- 88\n- 89\n'),(195,'User',1,'update','1','---\nemail: stefan.haslinger@mittenin.at\nencrypted_password: $2a$10$3L45lBdKevWJbdMB67Ll6eMfPkb5xJoge9zcDZDkd7c0AR67DDstC\nreset_password_token: !!null \nreset_password_sent_at: !!null \nremember_created_at: 2013-03-09 07:36:48.000000000Z\nsign_in_count: 89\ncurrent_sign_in_at: 2013-03-11 15:12:19.000000000Z\nlast_sign_in_at: 2013-03-11 15:12:04.000000000Z\ncurrent_sign_in_ip: 178.191.174.174\nlast_sign_in_ip: 178.191.174.174\npassword_salt: !!null \ncreated_at: 2012-09-13 08:32:15.000000000Z\nupdated_at: 2013-03-11 15:12:19.000000000Z\nfirstname: Stefan\nlastname: Testsystem (admin)\nparent_id: !!null \nancestry: !!null \nid: 1\n','2013-03-11 15:12:22','---\nremember_created_at:\n- 2013-03-09 07:36:48.000000000Z\n- !!null \n'),(196,'User',1,'update',NULL,'---\nemail: stefan.haslinger@mittenin.at\nencrypted_password: $2a$10$3L45lBdKevWJbdMB67Ll6eMfPkb5xJoge9zcDZDkd7c0AR67DDstC\nreset_password_token: !!null \nreset_password_sent_at: !!null \nremember_created_at: !!null \nsign_in_count: 89\ncurrent_sign_in_at: 2013-03-11 15:12:19.000000000Z\nlast_sign_in_at: 2013-03-11 15:12:04.000000000Z\ncurrent_sign_in_ip: 178.191.174.174\nlast_sign_in_ip: 178.191.174.174\npassword_salt: !!null \ncreated_at: 2012-09-13 08:32:15.000000000Z\nupdated_at: 2013-03-11 15:12:22.000000000Z\nfirstname: Stefan\nlastname: Testsystem (admin)\nparent_id: !!null \nancestry: !!null \nid: 1\n','2013-03-11 15:12:26','---\nlast_sign_in_at:\n- 2013-03-11 15:12:04.000000000Z\n- 2013-03-11 15:12:19.000000000Z\ncurrent_sign_in_at:\n- 2013-03-11 15:12:19.000000000Z\n- 2013-03-11 15:12:26.776360097Z\nsign_in_count:\n- 89\n- 90\n'),(197,'User',1,'update',NULL,'---\nemail: stefan.haslinger@mittenin.at\nencrypted_password: $2a$10$3L45lBdKevWJbdMB67Ll6eMfPkb5xJoge9zcDZDkd7c0AR67DDstC\nreset_password_token: !!null \nreset_password_sent_at: !!null \nremember_created_at: !!null \nsign_in_count: 90\ncurrent_sign_in_at: 2013-03-11 15:12:26.000000000Z\nlast_sign_in_at: 2013-03-11 15:12:19.000000000Z\ncurrent_sign_in_ip: 178.191.174.174\nlast_sign_in_ip: 178.191.174.174\npassword_salt: !!null \ncreated_at: 2012-09-13 08:32:15.000000000Z\nupdated_at: 2013-03-11 15:12:26.000000000Z\nfirstname: Stefan\nlastname: Testsystem (admin)\nparent_id: !!null \nancestry: !!null \nid: 1\n','2013-03-11 15:12:44','---\nlast_sign_in_at:\n- 2013-03-11 15:12:19.000000000Z\n- 2013-03-11 15:12:26.000000000Z\ncurrent_sign_in_at:\n- 2013-03-11 15:12:26.000000000Z\n- 2013-03-11 15:12:44.735976982Z\nsign_in_count:\n- 90\n- 91\n'),(198,'User',2,'update',NULL,'---\nemail: walter.kalcher@chello.at\nencrypted_password: $2a$10$zTWKfyGh91M7CoILNaH26ObSxMcUCH4gC2HndIKKXS0s/WnentTB.\nreset_password_token: 9WuZQWkKesNtzKUinLpB\nreset_password_sent_at: 2013-01-23 16:59:44.000000000Z\nremember_created_at: 2013-03-11 14:42:57.000000000Z\nsign_in_count: 43\ncurrent_sign_in_at: 2013-03-11 14:42:58.000000000Z\nlast_sign_in_at: 2013-03-11 13:59:45.000000000Z\ncurrent_sign_in_ip: 84.114.48.239\nlast_sign_in_ip: 84.114.48.239\npassword_salt: !!null \ncreated_at: 2012-09-18 08:15:20.000000000Z\nupdated_at: 2013-03-11 14:42:58.000000000Z\nfirstname: Walter\nlastname: Kalcher\nparent_id: !!null \nancestry: !!null \nid: 2\n','2013-03-11 15:13:23','---\nlast_sign_in_at:\n- 2013-03-11 13:59:45.000000000Z\n- 2013-03-11 14:42:58.000000000Z\ncurrent_sign_in_at:\n- 2013-03-11 14:42:58.000000000Z\n- 2013-03-11 15:13:23.168159715Z\nsign_in_count:\n- 43\n- 44\n'),(199,'User',1,'update',NULL,'---\nemail: stefan.haslinger@mittenin.at\nencrypted_password: $2a$10$3L45lBdKevWJbdMB67Ll6eMfPkb5xJoge9zcDZDkd7c0AR67DDstC\nreset_password_token: !!null \nreset_password_sent_at: !!null \nremember_created_at: !!null \nsign_in_count: 91\ncurrent_sign_in_at: 2013-03-11 15:12:44.000000000Z\nlast_sign_in_at: 2013-03-11 15:12:26.000000000Z\ncurrent_sign_in_ip: 178.191.174.174\nlast_sign_in_ip: 178.191.174.174\npassword_salt: !!null \ncreated_at: 2012-09-13 08:32:15.000000000Z\nupdated_at: 2013-03-11 15:12:44.000000000Z\nfirstname: Stefan\nlastname: Testsystem (admin)\nparent_id: !!null \nancestry: !!null \nid: 1\n','2013-03-11 15:14:24','---\nlast_sign_in_at:\n- 2013-03-11 15:12:26.000000000Z\n- 2013-03-11 15:12:44.000000000Z\ncurrent_sign_in_at:\n- 2013-03-11 15:12:44.000000000Z\n- 2013-03-11 15:14:24.756430527Z\nsign_in_count:\n- 91\n- 92\n'),(200,'User',1,'update',NULL,'---\nemail: stefan.haslinger@mittenin.at\nencrypted_password: $2a$10$3L45lBdKevWJbdMB67Ll6eMfPkb5xJoge9zcDZDkd7c0AR67DDstC\nreset_password_token: !!null \nreset_password_sent_at: !!null \nremember_created_at: !!null \nsign_in_count: 92\ncurrent_sign_in_at: 2013-03-11 15:14:24.000000000Z\nlast_sign_in_at: 2013-03-11 15:12:44.000000000Z\ncurrent_sign_in_ip: 178.191.174.174\nlast_sign_in_ip: 178.191.174.174\npassword_salt: !!null \ncreated_at: 2012-09-13 08:32:15.000000000Z\nupdated_at: 2013-03-11 15:14:24.000000000Z\nfirstname: Stefan\nlastname: Testsystem (admin)\nparent_id: !!null \nancestry: !!null \nid: 1\n','2013-03-11 15:15:18','---\nlast_sign_in_at:\n- 2013-03-11 15:12:44.000000000Z\n- 2013-03-11 15:14:24.000000000Z\ncurrent_sign_in_at:\n- 2013-03-11 15:14:24.000000000Z\n- 2013-03-11 15:15:18.691545499Z\nsign_in_count:\n- 92\n- 93\n'),(201,'User',1,'update',NULL,'---\nemail: stefan.haslinger@mittenin.at\nencrypted_password: $2a$10$3L45lBdKevWJbdMB67Ll6eMfPkb5xJoge9zcDZDkd7c0AR67DDstC\nreset_password_token: !!null \nreset_password_sent_at: !!null \nremember_created_at: !!null \nsign_in_count: 93\ncurrent_sign_in_at: 2013-03-11 15:15:18.000000000Z\nlast_sign_in_at: 2013-03-11 15:14:24.000000000Z\ncurrent_sign_in_ip: 178.191.174.174\nlast_sign_in_ip: 178.191.174.174\npassword_salt: !!null \ncreated_at: 2012-09-13 08:32:15.000000000Z\nupdated_at: 2013-03-11 15:15:18.000000000Z\nfirstname: Stefan\nlastname: Testsystem (admin)\nparent_id: !!null \nancestry: !!null \nid: 1\n','2013-03-17 12:35:36','---\nlast_sign_in_at:\n- 2013-03-11 15:14:24.000000000Z\n- 2013-03-11 15:15:18.000000000Z\ncurrent_sign_in_at:\n- 2013-03-11 15:15:18.000000000Z\n- 2013-03-17 12:35:35.720097982Z\ncurrent_sign_in_ip:\n- 178.191.174.174\n- 178.191.255.20\nsign_in_count:\n- 93\n- 94\n'),(202,'User',1,'update',NULL,'---\nemail: stefan.haslinger@mittenin.at\nencrypted_password: $2a$10$3L45lBdKevWJbdMB67Ll6eMfPkb5xJoge9zcDZDkd7c0AR67DDstC\nreset_password_token: !!null \nreset_password_sent_at: !!null \nremember_created_at: !!null \nsign_in_count: 94\ncurrent_sign_in_at: 2013-03-17 12:35:35.000000000Z\nlast_sign_in_at: 2013-03-11 15:15:18.000000000Z\ncurrent_sign_in_ip: 178.191.255.20\nlast_sign_in_ip: 178.191.174.174\npassword_salt: !!null \ncreated_at: 2012-09-13 08:32:15.000000000Z\nupdated_at: 2013-03-17 12:35:36.000000000Z\nfirstname: Stefan\nlastname: Testsystem (admin)\nparent_id: !!null \nancestry: !!null \nid: 1\n','2013-03-17 22:06:01','---\nremember_created_at:\n- !!null \n- 2013-03-17 22:06:01.796930554Z\n'),(203,'User',1,'update',NULL,'---\nemail: stefan.haslinger@mittenin.at\nencrypted_password: $2a$10$3L45lBdKevWJbdMB67Ll6eMfPkb5xJoge9zcDZDkd7c0AR67DDstC\nreset_password_token: !!null \nreset_password_sent_at: !!null \nremember_created_at: 2013-03-17 22:06:01.796930554Z\nsign_in_count: 94\ncurrent_sign_in_at: 2013-03-17 12:35:35.000000000Z\nlast_sign_in_at: 2013-03-11 15:15:18.000000000Z\ncurrent_sign_in_ip: 178.191.255.20\nlast_sign_in_ip: 178.191.174.174\npassword_salt: !!null \ncreated_at: 2012-09-13 08:32:15.000000000Z\nupdated_at: 2013-03-17 22:06:01.849573180Z\nfirstname: Stefan\nlastname: Testsystem (admin)\nparent_id: !!null \nancestry: !!null \nid: 1\n','2013-03-17 22:06:01','---\nlast_sign_in_at:\n- 2013-03-11 15:15:18.000000000Z\n- 2013-03-17 12:35:35.000000000Z\ncurrent_sign_in_at:\n- 2013-03-17 12:35:35.000000000Z\n- 2013-03-17 22:06:01.911823557Z\nlast_sign_in_ip:\n- 178.191.174.174\n- 178.191.255.20\ncurrent_sign_in_ip:\n- 178.191.255.20\n- 194.166.108.134\nsign_in_count:\n- 94\n- 95\n'),(204,'User',26,'update',NULL,'---\nemail: michael.stranka@mittenin.at\nencrypted_password: $2a$10$c17RUaECH4rinMbWZA2T2uM4t3ZUUwWGbq5e8NOmnpguwLw67aniu\nreset_password_token: !!null \nreset_password_sent_at: !!null \nremember_created_at: !!null \nsign_in_count: 1\ncurrent_sign_in_at: 2012-10-13 15:48:59.000000000Z\nlast_sign_in_at: 2012-10-13 15:48:59.000000000Z\ncurrent_sign_in_ip: 77.117.246.145\nlast_sign_in_ip: 77.117.246.145\npassword_salt: !!null \ncreated_at: 2012-10-12 16:31:01.000000000Z\nupdated_at: 2012-10-13 15:48:59.000000000Z\nfirstname: Michael\nlastname: Stranka\nparent_id: !!null \nancestry: \'1\'\nid: 26\n','2013-03-18 06:31:15','---\ncurrent_sign_in_at:\n- 2012-10-13 15:48:59.000000000Z\n- 2013-03-18 06:31:15.576695719Z\ncurrent_sign_in_ip:\n- 77.117.246.145\n- 77.117.247.46\nsign_in_count:\n- 1\n- 2\n'),(205,'User',2,'update',NULL,'---\nemail: walter.kalcher@chello.at\nencrypted_password: $2a$10$zTWKfyGh91M7CoILNaH26ObSxMcUCH4gC2HndIKKXS0s/WnentTB.\nreset_password_token: 9WuZQWkKesNtzKUinLpB\nreset_password_sent_at: 2013-01-23 16:59:44.000000000Z\nremember_created_at: 2013-03-11 14:42:57.000000000Z\nsign_in_count: 44\ncurrent_sign_in_at: 2013-03-11 15:13:23.000000000Z\nlast_sign_in_at: 2013-03-11 14:42:58.000000000Z\ncurrent_sign_in_ip: 84.114.48.239\nlast_sign_in_ip: 84.114.48.239\npassword_salt: !!null \ncreated_at: 2012-09-18 08:15:20.000000000Z\nupdated_at: 2013-03-11 15:13:23.000000000Z\nfirstname: Walter\nlastname: Kalcher\nparent_id: !!null \nancestry: !!null \nid: 2\n','2013-03-18 07:23:51','---\nlast_sign_in_at:\n- 2013-03-11 14:42:58.000000000Z\n- 2013-03-11 15:13:23.000000000Z\ncurrent_sign_in_at:\n- 2013-03-11 15:13:23.000000000Z\n- 2013-03-18 07:23:51.901326052Z\nsign_in_count:\n- 44\n- 45\n'),(206,'User',2,'update','2','---\nemail: walter.kalcher@chello.at\nencrypted_password: $2a$10$zTWKfyGh91M7CoILNaH26ObSxMcUCH4gC2HndIKKXS0s/WnentTB.\nreset_password_token: 9WuZQWkKesNtzKUinLpB\nreset_password_sent_at: 2013-01-23 16:59:44.000000000Z\nremember_created_at: 2013-03-11 14:42:57.000000000Z\nsign_in_count: 45\ncurrent_sign_in_at: 2013-03-18 07:23:51.000000000Z\nlast_sign_in_at: 2013-03-11 15:13:23.000000000Z\ncurrent_sign_in_ip: 84.114.48.239\nlast_sign_in_ip: 84.114.48.239\npassword_salt: !!null \ncreated_at: 2012-09-18 08:15:20.000000000Z\nupdated_at: 2013-03-18 07:23:51.000000000Z\nfirstname: Walter\nlastname: Kalcher\nparent_id: !!null \nancestry: !!null \nid: 2\n','2013-03-18 16:42:21','---\nlast_sign_in_at:\n- 2013-03-11 15:13:23.000000000Z\n- 2013-03-18 07:23:51.000000000Z\ncurrent_sign_in_at:\n- 2013-03-18 07:23:51.000000000Z\n- 2013-03-18 16:42:21.951429027Z\nsign_in_count:\n- 45\n- 46\n'),(207,'User',2,'update','2','---\nemail: walter.kalcher@chello.at\nencrypted_password: $2a$10$zTWKfyGh91M7CoILNaH26ObSxMcUCH4gC2HndIKKXS0s/WnentTB.\nreset_password_token: 9WuZQWkKesNtzKUinLpB\nreset_password_sent_at: 2013-01-23 16:59:44.000000000Z\nremember_created_at: 2013-03-11 14:42:57.000000000Z\nsign_in_count: 46\ncurrent_sign_in_at: 2013-03-18 16:42:21.000000000Z\nlast_sign_in_at: 2013-03-18 07:23:51.000000000Z\ncurrent_sign_in_ip: 84.114.48.239\nlast_sign_in_ip: 84.114.48.239\npassword_salt: !!null \ncreated_at: 2012-09-18 08:15:20.000000000Z\nupdated_at: 2013-03-18 16:42:21.000000000Z\nfirstname: Walter\nlastname: Kalcher\nparent_id: !!null \nancestry: !!null \nid: 2\n','2013-03-18 16:42:49','---\nremember_created_at:\n- 2013-03-11 14:42:57.000000000Z\n- !!null \n'),(208,'User',2,'update',NULL,'---\nemail: walter.kalcher@chello.at\nencrypted_password: $2a$10$zTWKfyGh91M7CoILNaH26ObSxMcUCH4gC2HndIKKXS0s/WnentTB.\nreset_password_token: 9WuZQWkKesNtzKUinLpB\nreset_password_sent_at: 2013-01-23 16:59:44.000000000Z\nremember_created_at: !!null \nsign_in_count: 46\ncurrent_sign_in_at: 2013-03-18 16:42:21.000000000Z\nlast_sign_in_at: 2013-03-18 07:23:51.000000000Z\ncurrent_sign_in_ip: 84.114.48.239\nlast_sign_in_ip: 84.114.48.239\npassword_salt: !!null \ncreated_at: 2012-09-18 08:15:20.000000000Z\nupdated_at: 2013-03-18 16:42:49.000000000Z\nfirstname: Walter\nlastname: Kalcher\nparent_id: !!null \nancestry: !!null \nid: 2\n','2013-03-18 16:47:48','---\nlast_sign_in_at:\n- 2013-03-18 07:23:51.000000000Z\n- 2013-03-18 16:42:21.000000000Z\ncurrent_sign_in_at:\n- 2013-03-18 16:42:21.000000000Z\n- 2013-03-18 16:47:48.691581846Z\nsign_in_count:\n- 46\n- 47\n'),(209,'User',2,'update',NULL,'---\nemail: walter.kalcher@chello.at\nencrypted_password: $2a$10$zTWKfyGh91M7CoILNaH26ObSxMcUCH4gC2HndIKKXS0s/WnentTB.\nreset_password_token: 9WuZQWkKesNtzKUinLpB\nreset_password_sent_at: 2013-01-23 16:59:44.000000000Z\nremember_created_at: !!null \nsign_in_count: 47\ncurrent_sign_in_at: 2013-03-18 16:47:48.000000000Z\nlast_sign_in_at: 2013-03-18 16:42:21.000000000Z\ncurrent_sign_in_ip: 84.114.48.239\nlast_sign_in_ip: 84.114.48.239\npassword_salt: !!null \ncreated_at: 2012-09-18 08:15:20.000000000Z\nupdated_at: 2013-03-18 16:47:48.000000000Z\nfirstname: Walter\nlastname: Kalcher\nparent_id: !!null \nancestry: !!null \nid: 2\n','2013-03-18 16:56:39','---\nlast_sign_in_at:\n- 2013-03-18 16:42:21.000000000Z\n- 2013-03-18 16:47:48.000000000Z\ncurrent_sign_in_at:\n- 2013-03-18 16:47:48.000000000Z\n- 2013-03-18 16:56:39.184931919Z\nsign_in_count:\n- 47\n- 48\n'),(210,'User',2,'update',NULL,'---\nemail: walter.kalcher@chello.at\nencrypted_password: $2a$10$zTWKfyGh91M7CoILNaH26ObSxMcUCH4gC2HndIKKXS0s/WnentTB.\nreset_password_token: 9WuZQWkKesNtzKUinLpB\nreset_password_sent_at: 2013-01-23 16:59:44.000000000Z\nremember_created_at: !!null \nsign_in_count: 48\ncurrent_sign_in_at: 2013-03-18 16:56:39.000000000Z\nlast_sign_in_at: 2013-03-18 16:47:48.000000000Z\ncurrent_sign_in_ip: 84.114.48.239\nlast_sign_in_ip: 84.114.48.239\npassword_salt: !!null \ncreated_at: 2012-09-18 08:15:20.000000000Z\nupdated_at: 2013-03-18 16:56:39.000000000Z\nfirstname: Walter\nlastname: Kalcher\nparent_id: !!null \nancestry: !!null \nid: 2\n','2013-03-18 16:57:05','---\nlast_sign_in_at:\n- 2013-03-18 16:47:48.000000000Z\n- 2013-03-18 16:56:39.000000000Z\ncurrent_sign_in_at:\n- 2013-03-18 16:56:39.000000000Z\n- 2013-03-18 16:57:05.688224228Z\nsign_in_count:\n- 48\n- 49\n'),(211,'User',2,'update',NULL,'---\nemail: walter.kalcher@chello.at\nencrypted_password: $2a$10$zTWKfyGh91M7CoILNaH26ObSxMcUCH4gC2HndIKKXS0s/WnentTB.\nreset_password_token: 9WuZQWkKesNtzKUinLpB\nreset_password_sent_at: 2013-01-23 16:59:44.000000000Z\nremember_created_at: !!null \nsign_in_count: 49\ncurrent_sign_in_at: 2013-03-18 16:57:05.000000000Z\nlast_sign_in_at: 2013-03-18 16:56:39.000000000Z\ncurrent_sign_in_ip: 84.114.48.239\nlast_sign_in_ip: 84.114.48.239\npassword_salt: !!null \ncreated_at: 2012-09-18 08:15:20.000000000Z\nupdated_at: 2013-03-18 16:57:05.000000000Z\nfirstname: Walter\nlastname: Kalcher\nparent_id: !!null \nancestry: !!null \nid: 2\n','2013-03-18 16:57:32','---\nlast_sign_in_at:\n- 2013-03-18 16:56:39.000000000Z\n- 2013-03-18 16:57:05.000000000Z\ncurrent_sign_in_at:\n- 2013-03-18 16:57:05.000000000Z\n- 2013-03-18 16:57:32.525322202Z\nsign_in_count:\n- 49\n- 50\n'),(212,'User',1,'update',NULL,'---\nemail: stefan.haslinger@mittenin.at\nencrypted_password: $2a$10$3L45lBdKevWJbdMB67Ll6eMfPkb5xJoge9zcDZDkd7c0AR67DDstC\nreset_password_token: !!null \nreset_password_sent_at: !!null \nremember_created_at: 2013-03-17 22:06:01.000000000Z\nsign_in_count: 95\ncurrent_sign_in_at: 2013-03-17 22:06:01.000000000Z\nlast_sign_in_at: 2013-03-17 12:35:35.000000000Z\ncurrent_sign_in_ip: 194.166.108.134\nlast_sign_in_ip: 178.191.255.20\npassword_salt: !!null \ncreated_at: 2012-09-13 08:32:15.000000000Z\nupdated_at: 2013-03-17 22:06:01.000000000Z\nfirstname: Stefan\nlastname: Testsystem (admin)\nparent_id: !!null \nancestry: !!null \nid: 1\n','2013-03-18 19:00:30','---\nlast_sign_in_at:\n- 2013-03-17 12:35:35.000000000Z\n- 2013-03-17 22:06:01.000000000Z\ncurrent_sign_in_at:\n- 2013-03-17 22:06:01.000000000Z\n- 2013-03-18 19:00:30.666516998Z\nlast_sign_in_ip:\n- 178.191.255.20\n- 194.166.108.134\ncurrent_sign_in_ip:\n- 194.166.108.134\n- 178.190.235.160\nsign_in_count:\n- 95\n- 96\n'),(213,'User',1,'update',NULL,'---\nemail: stefan.haslinger@mittenin.at\nencrypted_password: $2a$10$3L45lBdKevWJbdMB67Ll6eMfPkb5xJoge9zcDZDkd7c0AR67DDstC\nreset_password_token: !!null \nreset_password_sent_at: !!null \nremember_created_at: 2013-03-17 22:06:01.000000000Z\nsign_in_count: 96\ncurrent_sign_in_at: 2013-03-18 19:00:30.000000000Z\nlast_sign_in_at: 2013-03-17 22:06:01.000000000Z\ncurrent_sign_in_ip: 178.190.235.160\nlast_sign_in_ip: 194.166.108.134\npassword_salt: !!null \ncreated_at: 2012-09-13 08:32:15.000000000Z\nupdated_at: 2013-03-18 19:00:30.000000000Z\nfirstname: Stefan\nlastname: Testsystem (admin)\nparent_id: !!null \nancestry: !!null \nid: 1\n','2013-03-20 06:19:52','---\nlast_sign_in_at:\n- 2013-03-17 22:06:01.000000000Z\n- 2013-03-18 19:00:30.000000000Z\ncurrent_sign_in_at:\n- 2013-03-18 19:00:30.000000000Z\n- 2013-03-20 06:19:51.600030223Z\nlast_sign_in_ip:\n- 194.166.108.134\n- 178.190.235.160\ncurrent_sign_in_ip:\n- 178.190.235.160\n- 194.166.107.155\nsign_in_count:\n- 96\n- 97\n'),(214,'BusinessProcess',34,'create','1',NULL,'2013-03-20 06:20:57','---\nname:\n- !!null \n- simplifizierter Angebotsverlauf\ncompany_id:\n- !!null \n- 3\npurpose:\n- !!null \n- \'\'\nnumber:\n- !!null \n- \'\'\narea:\n- !!null \n- \'\'\naims:\n- !!null \n- \'\'\nprocess_class_id:\n- !!null \n- 2\ndescription:\n- !!null \n- \'\'\ncreated_by:\n- !!null \n- 1\nupdated_by:\n- !!null \n- 1\ncreated_at:\n- !!null \n- 2013-03-20 06:20:57.474670484Z\nupdated_at:\n- !!null \n- 2013-03-20 06:20:57.474670484Z\nid:\n- !!null \n- 34\n'),(215,'User',1,'update',NULL,'---\nemail: stefan.haslinger@mittenin.at\nencrypted_password: $2a$10$3L45lBdKevWJbdMB67Ll6eMfPkb5xJoge9zcDZDkd7c0AR67DDstC\nreset_password_token: !!null \nreset_password_sent_at: !!null \nremember_created_at: 2013-03-17 22:06:01.000000000Z\nsign_in_count: 97\ncurrent_sign_in_at: 2013-03-20 06:19:51.000000000Z\nlast_sign_in_at: 2013-03-18 19:00:30.000000000Z\ncurrent_sign_in_ip: 194.166.107.155\nlast_sign_in_ip: 178.190.235.160\npassword_salt: !!null \ncreated_at: 2012-09-13 08:32:15.000000000Z\nupdated_at: 2013-03-20 06:19:51.000000000Z\nfirstname: Stefan\nlastname: Testsystem (admin)\nparent_id: !!null \nancestry: !!null \nid: 1\n','2013-03-20 06:43:44','---\nlast_sign_in_at:\n- 2013-03-18 19:00:30.000000000Z\n- 2013-03-20 06:19:51.000000000Z\ncurrent_sign_in_at:\n- 2013-03-20 06:19:51.000000000Z\n- 2013-03-20 06:43:44.135535823Z\nlast_sign_in_ip:\n- 178.190.235.160\n- 194.166.107.155\nsign_in_count:\n- 97\n- 98\n'),(216,'User',2,'update',NULL,'---\nemail: walter.kalcher@chello.at\nencrypted_password: $2a$10$zTWKfyGh91M7CoILNaH26ObSxMcUCH4gC2HndIKKXS0s/WnentTB.\nreset_password_token: 9WuZQWkKesNtzKUinLpB\nreset_password_sent_at: 2013-01-23 16:59:44.000000000Z\nremember_created_at: !!null \nsign_in_count: 50\ncurrent_sign_in_at: 2013-03-18 16:57:32.000000000Z\nlast_sign_in_at: 2013-03-18 16:57:05.000000000Z\ncurrent_sign_in_ip: 84.114.48.239\nlast_sign_in_ip: 84.114.48.239\npassword_salt: !!null \ncreated_at: 2012-09-18 08:15:20.000000000Z\nupdated_at: 2013-03-18 16:57:32.000000000Z\nfirstname: Walter\nlastname: Kalcher\nparent_id: !!null \nancestry: !!null \nid: 2\n','2013-03-20 06:46:42','---\nlast_sign_in_at:\n- 2013-03-18 16:57:05.000000000Z\n- 2013-03-18 16:57:32.000000000Z\ncurrent_sign_in_at:\n- 2013-03-18 16:57:32.000000000Z\n- 2013-03-20 06:46:42.926203208Z\nsign_in_count:\n- 50\n- 51\n'),(217,'User',1,'update',NULL,'---\nemail: stefan.haslinger@mittenin.at\nencrypted_password: $2a$10$3L45lBdKevWJbdMB67Ll6eMfPkb5xJoge9zcDZDkd7c0AR67DDstC\nreset_password_token: !!null \nreset_password_sent_at: !!null \nremember_created_at: 2013-03-17 22:06:01.000000000Z\nsign_in_count: 98\ncurrent_sign_in_at: 2013-03-20 06:43:44.000000000Z\nlast_sign_in_at: 2013-03-20 06:19:51.000000000Z\ncurrent_sign_in_ip: 194.166.107.155\nlast_sign_in_ip: 194.166.107.155\npassword_salt: !!null \ncreated_at: 2012-09-13 08:32:15.000000000Z\nupdated_at: 2013-03-20 06:43:44.000000000Z\nfirstname: Stefan\nlastname: Testsystem (admin)\nparent_id: !!null \nancestry: !!null \nid: 1\n','2013-03-20 06:58:34','---\nlast_sign_in_at:\n- 2013-03-20 06:19:51.000000000Z\n- 2013-03-20 06:43:44.000000000Z\ncurrent_sign_in_at:\n- 2013-03-20 06:43:44.000000000Z\n- 2013-03-20 06:58:34.640294635Z\nsign_in_count:\n- 98\n- 99\n'),(218,'User',1,'update',NULL,'---\nemail: stefan.haslinger@mittenin.at\nencrypted_password: $2a$10$3L45lBdKevWJbdMB67Ll6eMfPkb5xJoge9zcDZDkd7c0AR67DDstC\nreset_password_token: !!null \nreset_password_sent_at: !!null \nremember_created_at: 2013-03-17 22:06:01.000000000Z\nsign_in_count: 99\ncurrent_sign_in_at: 2013-03-20 06:58:34.000000000Z\nlast_sign_in_at: 2013-03-20 06:43:44.000000000Z\ncurrent_sign_in_ip: 194.166.107.155\nlast_sign_in_ip: 194.166.107.155\npassword_salt: !!null \ncreated_at: 2012-09-13 08:32:15.000000000Z\nupdated_at: 2013-03-20 06:58:34.000000000Z\nfirstname: Stefan\nlastname: Testsystem (admin)\nparent_id: !!null \nancestry: !!null \nid: 1\n','2013-03-27 11:42:34','---\nlast_sign_in_at:\n- 2013-03-20 06:43:44.000000000Z\n- 2013-03-20 06:58:34.000000000Z\ncurrent_sign_in_at:\n- 2013-03-20 06:58:34.000000000Z\n- 2013-03-27 11:42:34.314085121Z\ncurrent_sign_in_ip:\n- 194.166.107.155\n- 178.191.167.137\nsign_in_count:\n- 99\n- 100\n'),(219,'User',1,'update',NULL,'---\nemail: stefan.haslinger@mittenin.at\nencrypted_password: $2a$10$3L45lBdKevWJbdMB67Ll6eMfPkb5xJoge9zcDZDkd7c0AR67DDstC\nreset_password_token: \nreset_password_sent_at: \nremember_created_at: 2013-03-17 22:06:01.000000000 Z\nsign_in_count: 100\ncurrent_sign_in_at: 2013-03-27 11:42:34.000000000 Z\nlast_sign_in_at: 2013-03-20 06:58:34.000000000 Z\ncurrent_sign_in_ip: 178.191.167.137\nlast_sign_in_ip: 194.166.107.155\npassword_salt: \ncreated_at: 2012-09-13 08:32:15.000000000 Z\nupdated_at: 2013-03-27 11:42:34.000000000 Z\nfirstname: Stefan\nlastname: Testsystem (admin)\nparent_id: \nancestry: \nid: 1\n','2013-04-05 18:45:19','--- !ruby/hash:ActiveSupport::HashWithIndifferentAccess\nlast_sign_in_at:\n- 2013-03-20 06:58:34.000000000 Z\n- 2013-03-27 11:42:34.000000000 Z\ncurrent_sign_in_at:\n- 2013-03-27 11:42:34.000000000 Z\n- 2013-04-05 18:45:18.899423672 Z\nlast_sign_in_ip:\n- 194.166.107.155\n- 178.191.167.137\ncurrent_sign_in_ip:\n- 178.191.167.137\n- !binary |-\n  MjEzLjMzLjIyLjEzOQ==\nsign_in_count:\n- 100\n- 101\n'),(220,'User',1,'update',NULL,'---\nemail: stefan.haslinger@mittenin.at\nencrypted_password: $2a$10$3L45lBdKevWJbdMB67Ll6eMfPkb5xJoge9zcDZDkd7c0AR67DDstC\nreset_password_token: \nreset_password_sent_at: \nremember_created_at: 2013-03-17 22:06:01.000000000 Z\nsign_in_count: 101\ncurrent_sign_in_at: 2013-04-05 18:45:18.000000000 Z\nlast_sign_in_at: 2013-03-27 11:42:34.000000000 Z\ncurrent_sign_in_ip: 213.33.22.139\nlast_sign_in_ip: 178.191.167.137\npassword_salt: \ncreated_at: 2012-09-13 08:32:15.000000000 Z\nupdated_at: 2013-04-05 18:45:19.000000000 Z\nfirstname: Stefan\nlastname: Testsystem (admin)\nparent_id: \nancestry: \nid: 1\n','2013-06-06 11:46:56','--- !ruby/hash:ActiveSupport::HashWithIndifferentAccess\nremember_created_at:\n- 2013-03-17 22:06:01.000000000 Z\n- 2013-06-06 11:46:56.329034038 Z\n'),(221,'User',1,'update',NULL,'---\nemail: stefan.haslinger@mittenin.at\nencrypted_password: $2a$10$3L45lBdKevWJbdMB67Ll6eMfPkb5xJoge9zcDZDkd7c0AR67DDstC\nreset_password_token: \nreset_password_sent_at: \nremember_created_at: 2013-06-06 11:46:56.329034038 Z\nsign_in_count: 101\ncurrent_sign_in_at: 2013-04-05 18:45:18.000000000 Z\nlast_sign_in_at: 2013-03-27 11:42:34.000000000 Z\ncurrent_sign_in_ip: 213.33.22.139\nlast_sign_in_ip: 178.191.167.137\npassword_salt: \ncreated_at: 2012-09-13 08:32:15.000000000 Z\nupdated_at: 2013-06-06 11:46:56.448265055 Z\nfirstname: Stefan\nlastname: Testsystem (admin)\nparent_id: \nancestry: \nid: 1\n','2013-06-06 11:46:56','--- !ruby/hash:ActiveSupport::HashWithIndifferentAccess\nlast_sign_in_at:\n- 2013-03-27 11:42:34.000000000 Z\n- 2013-04-05 18:45:18.000000000 Z\ncurrent_sign_in_at:\n- 2013-04-05 18:45:18.000000000 Z\n- 2013-06-06 11:46:56.570412341 Z\nlast_sign_in_ip:\n- 178.191.167.137\n- 213.33.22.139\ncurrent_sign_in_ip:\n- 213.33.22.139\n- !binary |-\n  MTk0LjE2Ni4xMDguMjI5\nsign_in_count:\n- 101\n- 102\n'),(222,'BusinessProcess',28,'update','1','---\nname: Strategische  Unternehmenführung\ncompany_id: 1\nparent_id: \nancestry: \'3\'\npurpose: Gesunder Wachstum des Unternehmens sichern\nnumber: \'\'\nowner_id: 8\naims: \'\'\nprocess_class_id: 5\ndescription: \'\'\ncreated_at: 2012-10-04 15:35:18.000000000 Z\nupdated_at: 2012-10-05 15:49:10.000000000 Z\nx: 525\ny: 200\ncreated_by: \nupdated_by: \narea: \nid: 28\n','2013-06-06 11:47:04','--- !ruby/hash:ActiveSupport::HashWithIndifferentAccess\nx:\n- 525\n- 25\ny:\n- 200\n- 25\n'),(223,'BusinessProcess',29,'update','1','---\nname: Finanzprozess\ncompany_id: 1\nparent_id: \nancestry: \'3\'\npurpose: Sicherstellung der Liquititä\nnumber: \'\'\nowner_id: 8\naims: \'\'\nprocess_class_id: 5\ndescription: \'\'\ncreated_at: 2012-10-04 15:37:19.000000000 Z\nupdated_at: 2012-10-05 15:49:11.000000000 Z\nx: 725\ny: 200\ncreated_by: \nupdated_by: \narea: \nid: 29\n','2013-06-06 11:47:05','--- !ruby/hash:ActiveSupport::HashWithIndifferentAccess\nx:\n- 725\n- 225\ny:\n- 200\n- 25\n'),(224,'BusinessProcess',30,'update','1','---\nname: Vertriebsprozess\ncompany_id: 1\nparent_id: \nancestry: \'3\'\npurpose: Termingetreue und Fehlerfreie lieferung der Produkte\nnumber: \'\'\nowner_id: 9\naims: \'\'\nprocess_class_id: 6\ndescription: \'\'\ncreated_at: 2012-10-04 15:42:17.000000000 Z\nupdated_at: 2012-10-05 20:27:53.000000000 Z\nx: 725\ny: 275\ncreated_by: \nupdated_by: \narea: \nid: 30\n','2013-06-06 11:47:07','--- !ruby/hash:ActiveSupport::HashWithIndifferentAccess\nx:\n- 725\n- 125\ny:\n- 275\n- 100\n'),(225,'BusinessProcess',1,'update','1','---\nname: Strategieprozess\ncompany_id: 3\nparent_id: \nancestry: \'7\'\npurpose: Unternehmensführung\nnumber: \'1\'\nowner_id: 2\naims: Unternehmenserfolg (Erlös und Fortbestand)\nprocess_class_id: 1\ndescription: ! \"h3. Strategie\\r\\n\\r\\n* Planung \\r\\n** nötiger Umsatz auf Basis Kosten\\r\\n**\n  Leistungen \\r\\n** Kunden\\r\\n** Weiterbildung\\r\\n** Personal\\r\\n\\r\\n(inkl. Finanzplanung)\n  --> Anf. GJ\\r\\n\\r\\nZusätzlich zu den SOLL-Grenzen werden Warngrenzen (SOLL + 10\n  %)- und Eingriffsgrenzen (SOLL + 3%) definiert \\r\\n\\r\\n* Freigabe\\r\\n\\r\\nh3. Monitoring\n  + Reporting\\r\\n\\r\\n* am Quartalsende SOLL - IST-Vergleich \\r\\n\\r\\nh4. Maßnahmen\\r\\n\\r\\n*\n  --> bei Unterschreitung der Warngrenze --> Vorbeugungsmaßnahme\\r\\n* --> bei Unterschreitung\n  der Eingriffsgrenze --> Korrekturmaßnahme\\r\\n\\r\\n\"\ncreated_at: 2012-10-02 14:20:36.000000000 Z\nupdated_at: 2013-02-20 13:49:42.000000000 Z\nx: 471\ny: 200\ncreated_by: \nupdated_by: \narea: \nid: 1\n','2013-06-06 11:47:14','--- !ruby/hash:ActiveSupport::HashWithIndifferentAccess\nx:\n- 471\n- 46\ny:\n- 200\n- 25\n'),(226,'BusinessProcess',4,'update','1','---\nname: Finanzen\ncompany_id: 3\nparent_id: \nancestry: \'7\'\npurpose: ges. Finanzmanagement sicherstellen\nnumber: \'\'\nowner_id: 2\naims: Liquidität sicherstellen, Unternehmensfortbestand sichern\nprocess_class_id: 9\ndescription: ! \"Finanzplanung (Bedarf)\\r\\nLiquiditätsplanung\\r\\nRechnungswesen \\r\\nMahnwesen\\r\\nSteuerberater\\r\\nFinanzamt\n  / Behörden\"\ncreated_at: 2012-10-04 06:42:23.000000000 Z\nupdated_at: 2012-10-13 15:27:16.000000000 Z\nx: 700\ny: 200\ncreated_by: \nupdated_by: \narea: \nid: 4\n','2013-06-06 11:47:16','--- !ruby/hash:ActiveSupport::HashWithIndifferentAccess\nx:\n- 700\n- 250\ny:\n- 200\n- 25\n'),(227,'BusinessProcess',5,'update','1','---\nname: Ressourcen\ncompany_id: 3\nparent_id: \nancestry: \'7\'\npurpose: Sicherstellung der Verfügbarkeit aller nötigen Ressourcen\nnumber: \'\'\nowner_id: 2\naims: alloe nötigen Ressourcen sind verfügbar bzw. die Planung und Beschaffung dieser\n  Ressourcen ist klargstellt\nprocess_class_id: 1\ndescription: ! \"*Personelle Ressourcen*\\r\\n * Rekrutierung\\r\\n * Anstellung\\r\\n *\n  Beschäftigung \\r\\n * Aus- und Weiterbildung\\r\\n * Beendigung der Beschäftigung\\r\\n\\r\\n*Sachressourcen*\\r\\n\n  * Planung\\r\\n * Anschaffung\\r\\n * Verwendung\\r\\n * Instandhaltung\\r\\n * Beendigung\n  der Verwendung / Ausscheiden\\r\\n\\r\\n*Infrastruktur / Arbeitsumgebung*\"\ncreated_at: 2012-10-04 06:46:58.000000000 Z\nupdated_at: 2013-02-15 08:24:37.000000000 Z\nx: 900\ny: 200\ncreated_by: \nupdated_by: \narea: \nid: 5\n','2013-06-06 11:47:18','--- !ruby/hash:ActiveSupport::HashWithIndifferentAccess\nx:\n- 900\n- 425\ny:\n- 200\n- 25\n'),(228,'BusinessProcess',32,'update','1','---\nname: Tätigkeit für die Quality Austria\ncompany_id: 3\nparent_id: \nancestry: \'7\'\npurpose: ! \'Einwandfreie Durchführung und Erfüllung der Aufträge der Quality Austria \'\nnumber: \'1.1\'\nowner_id: 2\naims: termingerechte und richtige Erfüllung der Aufträge der Quality Austria\nprocess_class_id: 2\ndescription: ! \"1. Beauftragung durch QA (via WIS)\\r\\n2. Terminkoordination mit dem\n  Kunden\\r\\n3. Terminrückmeldung an QA (im WIS)\\r\\n4. Auditprogramm erstellen\\r\\n5.\n  Auditmappe erstellen (gem. WIS)\\r\\n6. Audit durchführen\\r\\n7. Auditbericht erstellen\\r\\n8.\n  relevante Dokumente ins WIS hochladen\\r\\n9. Auditunterlagen archivieren \\r\\n--------------------------------------------------------------\\r\\n1.\n  Beauftragung durch QA\\r\\nINPUT = E-Mail und Datensatz im WIS ca. 4 Monate vor dem\n  Audit-Solltermin\\r\\nIn der \\\"Beauftragung\\\" und dem \\\"Kundenstammblatt\\\"   sind\n  alle relevanten Unternehmensinfos enthalten. \\r\\n\\r\\n2. Terminkoordination mit dem\n  Kunden\\r\\nMit dem Kunden ist umgehend Kontakt aufzunehmen und ein Termin zu finden\n  (zumindest auf die Woche eingeschränkt). Das Stammdatenblatt muss mitgesendet und\n  zurück gefordert werden.\\r\\nWeiters sind seine Auditwünsche zu erheben (bzw. zumindest\n  ihn darauf hinzuweisen)\\r\\n\\r\\n3. Terminrückmeldung an QA (im WIS)\\r\\nDer vom Kunden\n  genannte Termin ist ins WIS einzutragen (+ alle weiters geforderten Informationen\n  -> CO-Auditor, Beobachter, Kundenstammblatt)\\r\\n\\r\\n4. Auditprogramm erstellen\\r\\nCa.\n  4 Wochen vor dem Audit ist das Auditprogramm zu erstellen und dem Kunden zu senden\n  (Auditpartner eintragen, Änderungen /  Ergänzungen usw)\\r\\n\\r\\n5. Auditmappe erstellen\n  (gem. WIS)\\r\\nIm WIS bereitgestellte Auditdokumente ausdrucken und in der Auditmappe\n  je register ablegen\\r\\nAuditcheckliste ninden und ebenfalls in Auditmappe einordnen.\\r\\nSchreibunterlagen\n  + Visitenkarten mitnehmen (rote QA-Tasche)\\r\\n\\r\\n6. Audit durchführen\\r\\ngem. Regelungen\n  der QA\\r\\n\\r\\n7. Auditbericht erstellen\\r\\nInnerhalb von 2 Wochen muss der Auditbericht\n  erstellt werden.\\r\\n\\r\\n8. relevante Dokumente ins WIS hochladen\\r\\nje Auditart\n  im WIS upzuloadente Dokumente erstellen, einscannen und uploaden\\r\\n\\r\\n9. Auditunterlagen\n  archivieren \\r\\nAblage aller papierdokum,ente im Kundenordner (gelb).\\r\\n \\r\\n\\r\\n\\r\\n\"\ncreated_at: 2012-10-13 15:20:54.000000000 Z\nupdated_at: 2013-02-22 08:05:02.000000000 Z\nx: 650\ny: 250\ncreated_by: 2\nupdated_by: 1\narea: Consulting\nid: 32\n','2013-06-06 11:47:20','--- !ruby/hash:ActiveSupport::HashWithIndifferentAccess\nx:\n- 650\n- 250\ny:\n- 250\n- 75\n'),(229,'BusinessProcess',6,'update','1','---\nname: Beratungs- und Dienstleistungsangebot\ncompany_id: 3\nparent_id: \nancestry: \'7\'\npurpose: Sicherstellung der einwandfreien Erbringung der Beratungs- und Dienstleistungen\n  zur völligen Kundenzufriedenheit und wirtschaftlich erfolgreichen Unternehmensführung\nnumber: \'2.1\'\nowner_id: 2\naims: Gewinn erwirtschaften\nprocess_class_id: 2\ndescription: ! \"1) Kundenakqisition\\r\\n2) Angebote\\r\\n3) Auftragsabwicklung\\r\\n4) \"\ncreated_at: 2012-10-04 06:51:07.000000000 Z\nupdated_at: 2013-02-18 16:36:50.000000000 Z\nx: 650\ny: 300\ncreated_by: \nupdated_by: 2\narea: Leistungserbringung\nid: 6\n','2013-06-06 11:47:21','--- !ruby/hash:ActiveSupport::HashWithIndifferentAccess\nx:\n- 650\n- 250\ny:\n- 300\n- 150\n'),(230,'BusinessProcess',5,'update','1','---\nname: Ressourcen\ncompany_id: 3\nparent_id: \nancestry: \'7\'\npurpose: Sicherstellung der Verfügbarkeit aller nötigen Ressourcen\nnumber: \'\'\nowner_id: 2\naims: alloe nötigen Ressourcen sind verfügbar bzw. die Planung und Beschaffung dieser\n  Ressourcen ist klargstellt\nprocess_class_id: 1\ndescription: ! \"*Personelle Ressourcen*\\r\\n * Rekrutierung\\r\\n * Anstellung\\r\\n *\n  Beschäftigung \\r\\n * Aus- und Weiterbildung\\r\\n * Beendigung der Beschäftigung\\r\\n\\r\\n*Sachressourcen*\\r\\n\n  * Planung\\r\\n * Anschaffung\\r\\n * Verwendung\\r\\n * Instandhaltung\\r\\n * Beendigung\n  der Verwendung / Ausscheiden\\r\\n\\r\\n*Infrastruktur / Arbeitsumgebung*\"\ncreated_at: 2012-10-04 06:46:58.000000000 Z\nupdated_at: 2013-06-06 11:47:18.000000000 Z\nx: 425\ny: 25\ncreated_by: \nupdated_by: \narea: \nid: 5\n','2013-06-06 11:47:22','--- !ruby/hash:ActiveSupport::HashWithIndifferentAccess\nx:\n- 425\n- 450\n'),(231,'BusinessProcess',27,'update','1','---\nname: Aus- unsd Weiterbildung\ncompany_id: 3\nparent_id: \nancestry: \'7\'\npurpose: \'\'\nnumber: \'\'\nowner_id: 2\naims: \'\'\nprocess_class_id: 3\ndescription: \'\'\ncreated_at: 2012-10-04 07:38:28.000000000 Z\nupdated_at: 2012-10-13 15:26:06.000000000 Z\nx: 450\ny: 375\ncreated_by: \nupdated_by: \narea: \nid: 27\n','2013-06-06 11:47:24','--- !ruby/hash:ActiveSupport::HashWithIndifferentAccess\nx:\n- 450\n- 50\ny:\n- 375\n- 225\n'),(232,'BusinessProcess',26,'update','1','---\nname: QM-System\ncompany_id: 3\nparent_id: \nancestry: \'7\'\npurpose: \'\'\nnumber: \'\'\nowner_id: 2\naims: \'\'\nprocess_class_id: 3\ndescription: \'\'\ncreated_at: 2012-10-04 07:38:04.000000000 Z\nupdated_at: 2012-10-13 15:26:08.000000000 Z\nx: 675\ny: 375\ncreated_by: \nupdated_by: \narea: \nid: 26\n','2013-06-06 11:47:26','--- !ruby/hash:ActiveSupport::HashWithIndifferentAccess\nx:\n- 675\n- 250\ny:\n- 375\n- 225\n'),(233,'BusinessProcess',10,'update','1','---\nname: Prozess 1\ncompany_id: 3\nparent_id: \nancestry: \'7\'\npurpose: \'\'\nnumber: \'\'\nowner_id: 1\naims: \'\'\nprocess_class_id: 3\ndescription: \'\'\ncreated_at: 2012-10-04 07:21:48.000000000 Z\nupdated_at: 2012-10-13 15:27:07.000000000 Z\nx: 900\ny: 375\ncreated_by: \nupdated_by: \narea: \nid: 10\n','2013-06-06 11:47:27','--- !ruby/hash:ActiveSupport::HashWithIndifferentAccess\nx:\n- 900\n- 450\ny:\n- 375\n- 225\n'),(234,'BusinessProcess',25,'update','1','---\nname: Datenanalyse\ncompany_id: 3\nparent_id: \nancestry: \'7\'\npurpose: \'\'\nnumber: \'\'\nowner_id: 2\naims: \'\'\nprocess_class_id: 4\ndescription: \'\'\ncreated_at: 2012-10-04 07:37:38.000000000 Z\nupdated_at: 2012-10-13 15:26:37.000000000 Z\nx: 450\ny: 425\ncreated_by: \nupdated_by: \narea: \nid: 25\n','2013-06-06 11:47:29','--- !ruby/hash:ActiveSupport::HashWithIndifferentAccess\nx:\n- 450\n- 50\ny:\n- 425\n- 300\n'),(235,'BusinessProcess',20,'update','1','---\nname: ! \'KVP \'\ncompany_id: 3\nparent_id: \nancestry: \'7\'\npurpose: \'\'\nnumber: \'\'\nowner_id: 2\naims: \'\'\nprocess_class_id: 4\ndescription: \'\'\ncreated_at: 2012-10-04 07:35:44.000000000 Z\nupdated_at: 2012-10-13 15:26:55.000000000 Z\nx: 600\ny: 425\ncreated_by: \nupdated_by: 2\narea: \'\'\nid: 20\n','2013-06-06 11:47:30','--- !ruby/hash:ActiveSupport::HashWithIndifferentAccess\nx:\n- 600\n- 250\ny:\n- 425\n- 300\n'),(236,'BusinessProcess',24,'update','1','---\nname: Audit\ncompany_id: 3\nparent_id: \nancestry: \'7\'\npurpose: \'\'\nnumber: \'\'\nowner_id: 2\naims: \'\'\nprocess_class_id: 4\ndescription: \'\'\ncreated_at: 2012-10-04 07:37:14.000000000 Z\nupdated_at: 2012-10-13 15:27:04.000000000 Z\nx: 750\ny: 425\ncreated_by: \nupdated_by: \narea: \nid: 24\n','2013-06-06 11:47:32','--- !ruby/hash:ActiveSupport::HashWithIndifferentAccess\nx:\n- 750\n- 450\ny:\n- 425\n- 300\n'),(237,'BusinessProcess',19,'update','1','---\nname: Reklamationen\ncompany_id: 3\nparent_id: \nancestry: \'7\'\npurpose: \'\'\nnumber: \'\'\nowner_id: 2\naims: \'\'\nprocess_class_id: 4\ndescription: \'\'\ncreated_at: 2012-10-04 07:35:07.000000000 Z\nupdated_at: 2012-10-13 15:27:05.000000000 Z\nx: 900\ny: 425\ncreated_by: \nupdated_by: \narea: \nid: 19\n','2013-06-06 11:47:33','--- !ruby/hash:ActiveSupport::HashWithIndifferentAccess\nx:\n- 900\n- 600\ny:\n- 425\n- 300\n'),(238,'User',1,'update',NULL,'---\nemail: stefan.haslinger@mittenin.at\nencrypted_password: $2a$10$3L45lBdKevWJbdMB67Ll6eMfPkb5xJoge9zcDZDkd7c0AR67DDstC\nreset_password_token: \nreset_password_sent_at: \nremember_created_at: 2013-06-06 11:46:56.000000000 Z\nsign_in_count: 102\ncurrent_sign_in_at: 2013-06-06 11:46:56.000000000 Z\nlast_sign_in_at: 2013-04-05 18:45:18.000000000 Z\ncurrent_sign_in_ip: 194.166.108.229\nlast_sign_in_ip: 213.33.22.139\npassword_salt: \ncreated_at: 2012-09-13 08:32:15.000000000 Z\nupdated_at: 2013-06-06 11:46:56.000000000 Z\nfirstname: Stefan\nlastname: Testsystem (admin)\nparent_id: \nancestry: \nid: 1\n','2013-06-07 08:31:04','--- !ruby/hash:ActiveSupport::HashWithIndifferentAccess\nlast_sign_in_at:\n- 2013-04-05 18:45:18.000000000 Z\n- 2013-06-06 11:46:56.000000000 Z\ncurrent_sign_in_at:\n- 2013-06-06 11:46:56.000000000 Z\n- 2013-06-07 08:31:04.585051749 Z\nlast_sign_in_ip:\n- 213.33.22.139\n- 194.166.108.229\ncurrent_sign_in_ip:\n- 194.166.108.229\n- !binary |-\n  OTEuMTE1LjE3My40Nw==\nsign_in_count:\n- 102\n- 103\n');
/*!40000 ALTER TABLE `versions` ENABLE KEYS */;
UNLOCK TABLES;
/*!40103 SET TIME_ZONE=@OLD_TIME_ZONE */;

/*!40101 SET SQL_MODE=@OLD_SQL_MODE */;
/*!40014 SET FOREIGN_KEY_CHECKS=@OLD_FOREIGN_KEY_CHECKS */;
/*!40014 SET UNIQUE_CHECKS=@OLD_UNIQUE_CHECKS */;
/*!40101 SET CHARACTER_SET_CLIENT=@OLD_CHARACTER_SET_CLIENT */;
/*!40101 SET CHARACTER_SET_RESULTS=@OLD_CHARACTER_SET_RESULTS */;
/*!40101 SET COLLATION_CONNECTION=@OLD_COLLATION_CONNECTION */;
/*!40111 SET SQL_NOTES=@OLD_SQL_NOTES */;

-- Dump completed on 2013-06-07 15:00:56
